year	year_id	team_id	team_name	jersey_number	player_name	class_year	position	gp	gs	g	ba	obp	slg	ab	r	h	d	t	tb	hr	rbi	bb	hbp	sf	sh	k	dp	sb	cs	picked
2014	11620	26172	A&M-Corpus Chris	-	Totals	-	-	-	-	58	0.279	0.360	0.357	1,979	305	553	84	17	707	12	260	198	65	25	27	319	51	73	25	 
2014	11620	26172	A&M-Corpus Chris	-	Opponent Totals	-	-	-	-	58	0.291	0.371	0.354	2,018	324	587	65	7	714	16	283	188	82	23	44	403	32	65	23	 
2014	11620	2	Abilene Christian	-	Totals	-	-	-	-	54	0.270	0.351	0.335	1,787	246	482	65	12	598	9	208	181	53	17	46	345	37	57	34	 
2014	11620	2	Abilene Christian	-	Opponent Totals	-	-	-	-	54	0.297	0.381	0.410	1,830	347	543	91	24	751	23	315	211	59	33	38	336	38	54	19	 
2014	11620	721	Air Force	-	Totals	-	-	-	-	54	0.251	0.316	0.357	1,784	236	448	94	11	636	24	204	139	32	5	30	342	42	27	23	 
2014	11620	721	Air Force	-	Opponent Totals	-	-	-	-	54	0.302	0.371	0.437	1,885	341	570	108	37	824	24	314	153	61	17	40	363	47	54	21	 
2014	11620	5	Akron	-	Totals	-	-	-	-	57	0.259	0.349	0.327	1,966	278	510	81	5	643	14	241	224	55	17	40	340	38	74	15	 
2014	11620	5	Akron	-	Opponent Totals	-	-	-	-	57	0.286	0.371	0.379	1,948	287	558	104	16	739	15	256	212	63	22	52	295	41	55	36	 
2014	11620	8	Alabama	-	Totals	-	-	-	-	61	0.275	0.348	0.386	2,076	305	571	89	8	802	42	277	178	68	26	41	396	52	31	13	 
2014	11620	8	Alabama	-	Opponent Totals	-	-	-	-	61	0.224	0.325	0.293	1,941	223	435	53	10	568	20	198	241	60	22	48	406	58	46	29	 
2014	11620	6	Alabama A&M	-	Totals	-	-	-	-	53	0.282	0.368	0.394	1,710	284	483	83	15	674	26	256	196	49	22	54	329	50	63	33	 
2014	11620	6	Alabama A&M	-	Opponent Totals	-	-	-	-	53	0.301	0.416	0.415	1,723	372	519	91	15	715	25	334	284	83	38	57	309	40	61	32	 
2014	11620	7	Alabama St.	-	Totals	-	-	-	-	57	0.292	0.391	0.418	1,929	412	564	95	21	806	35	358	236	95	29	40	336	37	73	35	 
2014	11620	7	Alabama St.	-	Opponent Totals	-	-	-	-	57	0.280	0.365	0.375	1,899	277	532	78	17	713	23	248	191	74	21	36	373	40	44	25	 
2014	11620	14	Albany (NY)	-	Totals	-	-	-	-	45	0.245	0.345	0.319	1,376	187	337	57	3	439	13	166	148	69	13	25	256	35	48	15	 
2014	11620	14	Albany (NY)	-	Opponent Totals	-	-	-	-	45	0.295	0.409	0.398	1,435	314	423	70	18	571	14	282	243	44	12	31	279	19	85	17	 
2014	11620	17	Alcorn	-	Totals	-	-	-	-	53	0.261	0.329	0.343	1,765	211	461	73	6	606	20	179	138	50	17	26	408	32	92	34	 
2014	11620	17	Alcorn	-	Opponent Totals	-	-	-	-	53	0.336	0.447	0.469	1,839	489	618	93	23	862	35	413	297	108	45	44	188	35	159	37	 
2014	11620	27	Appalachian St.	-	Totals	-	-	-	-	55	0.264	0.340	0.395	1,908	299	503	88	21	753	40	267	183	44	15	29	400	25	29	12	 
2014	11620	27	Appalachian St.	-	Opponent Totals	-	-	-	-	55	0.272	0.356	0.409	1,849	329	503	90	13	757	46	296	194	58	22	30	346	43	83	21	 
2014	11620	29	Arizona	-	Totals	-	-	-	-	55	0.280	0.362	0.365	1,881	286	527	85	25	686	8	252	208	48	28	48	295	46	57	34	 
2014	11620	29	Arizona	-	Opponent Totals	-	-	-	-	55	0.274	0.345	0.370	1,905	278	522	84	28	704	14	249	160	58	21	42	345	42	63	22	 
2014	11620	28	Arizona St.	-	Totals	-	-	-	-	57	0.284	0.371	0.386	1,975	331	560	101	12	763	26	281	220	68	23	33	377	48	52	19	 
2014	11620	28	Arizona St.	-	Opponent Totals	-	-	-	-	57	0.260	0.351	0.345	1,916	275	498	80	13	661	19	239	215	62	14	61	419	54	32	26	 
2014	11620	2678	Ark.-Pine Bluff	-	Totals	-	-	-	-	50	0.259	0.359	0.332	1,628	248	421	62	9	540	13	218	185	78	15	44	306	42	53	27	 
2014	11620	2678	Ark.-Pine Bluff	-	Opponent Totals	-	-	-	-	50	0.279	0.357	0.390	1,690	295	472	85	18	659	22	265	147	66	17	35	275	33	64	21	 
2014	11620	31	Arkansas	-	Totals	-	-	-	-	65	0.263	0.351	0.355	2,101	323	552	92	9	746	28	294	219	85	36	54	397	43	56	16	 
2014	11620	31	Arkansas	-	Opponent Totals	-	-	-	-	65	0.214	0.304	0.281	2,052	206	440	65	3	577	22	182	210	59	14	37	435	60	43	25	 
2014	11620	30	Arkansas St.	-	Totals	-	-	-	-	59	0.266	0.368	0.354	1,992	346	530	111	13	706	13	298	253	84	27	44	385	44	63	21	 
2014	11620	30	Arkansas St.	-	Opponent Totals	-	-	-	-	59	0.260	0.346	0.351	2,016	287	525	91	10	708	24	270	222	51	16	54	423	34	57	23	 
2014	11620	725	Army	-	Totals	-	-	-	-	45	0.252	0.351	0.318	1,379	224	347	51	7	439	9	195	139	80	15	47	244	26	89	20	 
2014	11620	725	Army	-	Opponent Totals	-	-	-	-	45	0.241	0.321	0.310	1,408	151	340	61	4	436	9	128	123	49	13	29	325	33	20	21	 
2014	11620	37	Auburn	-	Totals	-	-	-	-	56	0.270	0.360	0.340	1,839	235	497	65	9	625	15	212	192	76	19	50	298	48	81	37	 
2014	11620	37	Auburn	-	Opponent Totals	-	-	-	-	56	0.254	0.324	0.329	1,897	228	482	84	8	624	14	201	167	37	15	45	333	51	33	23	 
2014	11620	43	Austin Peay	-	Totals	-	-	-	-	56	0.273	0.370	0.401	1,886	349	514	105	15	757	36	299	266	40	26	36	488	37	82	38	 
2014	11620	43	Austin Peay	-	Opponent Totals	-	-	-	-	56	0.292	0.394	0.414	1,965	399	574	95	9	813	42	362	266	81	28	42	355	44	100	31	 
2014	11620	77	BYU	-	Totals	-	-	-	-	53	0.294	0.354	0.376	1,909	268	561	89	10	718	16	236	149	39	21	28	302	37	28	14	 
2014	11620	77	BYU	-	Opponent Totals	-	-	-	-	53	0.272	0.356	0.372	1,799	285	489	87	8	670	26	256	193	56	25	47	302	33	45	16	 
2014	11620	94	Bakersfield	-	Totals	-	-	-	-	59	0.273	0.340	0.355	2,039	283	556	75	24	724	15	246	177	44	22	42	376	48	53	14	 
2014	11620	94	Bakersfield	-	Opponent Totals	-	-	-	-	59	0.275	0.367	0.364	1,952	296	537	96	10	710	19	270	242	56	28	41	335	56	48	16	 
2014	11620	47	Ball St.	-	Totals	-	-	-	-	57	0.283	0.373	0.407	1,970	352	558	102	5	802	44	318	220	77	24	32	368	44	43	22	 
2014	11620	47	Ball St.	-	Opponent Totals	-	-	-	-	57	0.280	0.367	0.375	1,980	316	554	89	6	742	29	278	204	80	19	32	432	41	47	24	 
2014	11620	51	Baylor	-	Totals	-	-	-	-	57	0.232	0.319	0.316	1,803	225	419	75	12	569	17	201	176	60	16	39	363	39	52	25	 
2014	11620	51	Baylor	-	Opponent Totals	-	-	-	-	57	0.262	0.343	0.349	1,909	275	501	91	12	667	17	238	196	50	21	39	329	54	58	13	 
2014	11620	14927	Belmont	-	Totals	-	-	-	-	55	0.246	0.349	0.377	1,784	247	438	88	12	673	41	227	210	85	24	18	413	37	73	30	 
2014	11620	14927	Belmont	-	Opponent Totals	-	-	-	-	55	0.263	0.344	0.374	1,855	291	487	73	17	693	33	261	183	62	27	38	395	39	48	17	 
2014	11620	61	Bethune-Cookman	-	Totals	-	-	-	-	60	0.251	0.339	0.320	1,962	256	493	75	16	627	9	213	196	75	20	45	381	41	50	17	 
2014	11620	61	Bethune-Cookman	-	Opponent Totals	-	-	-	-	60	0.248	0.335	0.325	1,919	255	475	73	8	624	20	233	203	59	22	42	359	53	68	19	 
2014	11620	62	Binghamton	-	Totals	-	-	-	-	52	0.276	0.363	0.372	1,744	263	481	85	14	648	18	242	203	48	20	35	309	46	75	13	 
2014	11620	62	Binghamton	-	Opponent Totals	-	-	-	-	52	0.266	0.355	0.355	1,669	236	444	82	11	593	15	213	186	56	19	35	264	41	63	14	 
2014	11620	67	Boston College	-	Totals	-	-	-	-	55	0.244	0.328	0.317	1,866	209	455	90	5	591	12	192	203	40	17	34	351	48	37	23	 
2014	11620	67	Boston College	-	Opponent Totals	-	-	-	-	55	0.261	0.359	0.370	1,818	287	474	108	20	673	17	253	235	59	29	45	352	50	54	27	 
2014	11620	71	Bowling Green	-	Totals	-	-	-	-	52	0.276	0.360	0.344	1,753	273	483	66	15	603	8	231	189	56	25	46	285	46	76	21	 
2014	11620	71	Bowling Green	-	Opponent Totals	-	-	-	-	52	0.267	0.364	0.363	1,701	283	455	77	13	618	20	259	201	70	23	42	259	41	34	26	 
2014	11620	72	Bradley	-	Totals	-	-	-	-	51	0.276	0.367	0.389	1,700	268	469	94	12	662	25	247	182	77	25	40	324	31	75	27	 
2014	11620	72	Bradley	-	Opponent Totals	-	-	-	-	51	0.259	0.353	0.356	1,675	268	434	80	10	597	21	237	185	69	22	34	345	32	58	22	 
2014	11620	80	Brown	-	Totals	-	-	-	-	37	0.254	0.327	0.354	1,159	166	294	55	5	410	17	145	102	30	10	22	256	24	16	11	 
2014	11620	80	Brown	-	Opponent Totals	-	-	-	-	37	0.310	0.377	0.427	1,193	215	370	67	8	510	19	198	97	42	17	19	208	19	33	13	 
2014	11620	81	Bryant	-	Totals	-	-	-	-	58	0.302	0.391	0.436	1,927	386	582	115	13	840	39	338	211	93	35	34	279	47	99	21	 
2014	11620	81	Bryant	-	Opponent Totals	-	-	-	-	58	0.226	0.308	0.284	1,795	199	405	53	8	510	12	165	170	51	19	35	401	56	38	24	 
2014	11620	83	Bucknell	-	Totals	-	-	-	-	53	0.242	0.328	0.319	1,602	222	388	55	19	511	10	195	147	65	16	27	364	26	24	12	 
2014	11620	83	Bucknell	-	Opponent Totals	-	-	-	-	53	0.256	0.326	0.336	1,627	219	417	75	14	547	9	190	125	56	24	42	267	37	54	22	 
2014	11620	86	Buffalo	-	Totals	-	-	-	-	52	0.271	0.374	0.379	1,748	297	473	93	15	662	22	265	242	66	30	53	402	32	72	19	 
2014	11620	86	Buffalo	-	Opponent Totals	-	-	-	-	52	0.262	0.358	0.343	1,727	284	452	64	13	593	17	246	197	76	27	61	330	24	47	22	 
2014	11620	87	Butler	-	Totals	-	-	-	-	50	0.253	0.347	0.336	1,600	215	405	71	11	537	13	189	175	66	19	37	340	43	34	15	 
2014	11620	87	Butler	-	Opponent Totals	-	-	-	-	50	0.296	0.383	0.405	1,677	296	496	89	11	679	24	262	186	69	27	37	323	32	72	18	 
2014	11620	101	CSUN	-	Totals	-	-	-	-	56	0.250	0.319	0.297	1,866	189	467	60	8	555	4	170	144	51	16	49	288	49	44	28	 
2014	11620	101	CSUN	-	Opponent Totals	-	-	-	-	56	0.270	0.353	0.375	1,869	269	504	81	26	700	21	242	181	71	19	43	358	42	52	30	 
2014	11620	90	Cal Poly	-	Totals	-	-	-	-	59	0.296	0.378	0.402	2,027	350	601	103	21	815	23	318	223	60	31	54	345	39	46	21	 
2014	11620	90	Cal Poly	-	Opponent Totals	-	-	-	-	59	13.693	18.054	17.686	1,903	203	454	75	12	589	12	187	193	35	22	50	488	42	30	28	 
2014	11620	97	Cal St. Fullerton	-	Totals	-	-	-	-	58	0.260	0.354	0.336	1,989	274	518	77	13	669	16	248	225	71	14	76	420	44	56	21	 
2014	11620	97	Cal St. Fullerton	-	Opponent Totals	-	-	-	-	58	0.234	0.280	0.300	2,015	177	471	76	11	605	12	160	92	41	13	68	464	21	23	19	 
2014	11620	107	California	-	Totals	-	-	-	-	53	0.241	0.316	0.330	1,713	207	412	74	7	566	22	183	137	56	10	65	290	37	41	25	 
2014	11620	107	California	-	Opponent Totals	-	-	-	-	53	0.247	0.338	0.323	1,760	225	434	65	11	569	16	197	180	73	19	48	332	42	52	17	 
2014	11620	115	Campbell	-	Totals	-	-	-	-	62	0.267	0.353	0.336	2,033	325	543	73	13	684	14	269	162	122	24	66	321	63	80	30	 
2014	11620	115	Campbell	-	Opponent Totals	-	-	-	-	62	0.270	0.346	0.333	2,166	271	585	70	14	722	13	244	206	60	27	42	420	51	36	29	 
2014	11620	116	Canisius	-	Totals	-	-	-	-	56	0.314	0.426	0.432	1,887	410	592	102	25	816	24	360	278	110	26	41	318	40	84	25	 
2014	11620	116	Canisius	-	Opponent Totals	-	-	-	-	56	0.250	0.332	0.332	1,794	241	449	89	12	595	11	202	163	65	16	35	278	37	49	15	 
2014	11620	1004	Central Ark.	-	Totals	-	-	-	-	54	0.270	0.376	0.348	1,841	301	497	74	18	640	11	266	243	82	23	67	406	33	58	18	 
2014	11620	1004	Central Ark.	-	Opponent Totals	-	-	-	-	54	0.256	0.329	0.332	1,877	249	480	79	5	623	18	217	171	41	12	49	291	46	47	18	 
2014	11620	127	Central Conn. St.	-	Totals	-	-	-	-	49	0.257	0.324	0.315	1,532	176	394	44	12	483	7	149	128	31	17	49	253	33	41	14	 
2014	11620	127	Central Conn. St.	-	Opponent Totals	-	-	-	-	49	0.253	0.317	0.334	1,551	179	392	61	13	518	13	159	104	47	12	28	260	41	36	14	 
2014	11620	129	Central Mich.	-	Totals	-	-	-	-	58	0.269	0.368	0.352	1,961	342	527	72	17	690	19	290	240	81	22	58	366	46	93	18	 
2014	11620	129	Central Mich.	-	Opponent Totals	-	-	-	-	58	0.262	0.339	0.334	1,981	276	519	71	12	662	16	240	201	39	18	58	396	27	69	24	 
2014	11620	48	Charleston So.	-	Totals	-	-	-	-	56	0.298	0.365	0.386	1,960	299	584	101	6	757	20	273	179	40	21	54	275	43	45	24	 
2014	11620	48	Charleston So.	-	Opponent Totals	-	-	-	-	56	0.286	0.360	0.372	2,001	304	572	79	12	744	23	283	170	72	21	25	372	40	78	22	 
2014	11620	458	Charlotte	-	Totals	-	-	-	-	51	0.252	0.317	0.330	1,706	198	430	70	9	563	15	183	132	38	14	34	298	53	23	10	 
2014	11620	458	Charlotte	-	Opponent Totals	-	-	-	-	51	0.260	0.342	0.343	1,737	241	451	83	5	595	17	217	157	68	17	40	323	43	31	14	 
2014	11620	136	Chicago St.	-	Totals	-	-	-	-	54	0.275	0.361	0.349	1,836	282	505	82	16	640	7	249	211	49	24	28	319	37	77	33	 
2014	11620	136	Chicago St.	-	Opponent Totals	-	-	-	-	54	0.307	0.399	0.415	1,848	371	568	101	19	767	20	328	232	69	27	38	247	41	57	41	 
2014	11620	140	Cincinnati	-	Totals	-	-	-	-	53	0.257	0.351	0.342	1,712	237	440	80	10	585	15	207	181	78	19	31	339	42	88	36	 
2014	11620	140	Cincinnati	-	Opponent Totals	-	-	-	-	53	0.273	0.357	0.386	1,743	291	476	119	10	672	19	260	191	52	26	41	251	36	52	20	 
2014	11620	141	Citadel	-	Totals	-	-	-	-	58	0.278	0.366	0.361	1,941	294	539	78	3	701	26	268	221	68	34	46	372	57	54	23	 
2014	11620	141	Citadel	-	Opponent Totals	-	-	-	-	58	0.287	0.373	0.404	2,017	372	579	89	15	815	39	337	248	47	31	33	364	41	71	19	 
2014	11620	147	Clemson	-	Totals	-	-	-	-	61	0.274	0.353	0.382	2,086	337	572	116	12	796	28	303	241	30	32	27	336	42	89	29	 
2014	11620	147	Clemson	-	Opponent Totals	-	-	-	-	61	0.243	0.335	0.332	2,070	285	502	87	10	687	26	260	237	60	18	44	496	39	50	20	 
2014	11620	149	Coastal Caro.	-	Totals	-	-	-	-	57	0.252	0.342	0.330	1,898	264	478	79	9	626	17	234	211	60	18	54	354	34	63	20	 
2014	11620	149	Coastal Caro.	-	Opponent Totals	-	-	-	-	57	0.266	0.353	0.335	1,931	290	514	71	7	647	16	243	214	56	18	45	376	46	77	19	 
2014	11620	1014	Col. of Charleston	-	Totals	-	-	-	-	63	0.255	0.340	0.366	2,099	303	535	96	15	769	36	279	228	55	27	38	465	39	52	25	 
2014	11620	1014	Col. of Charleston	-	Opponent Totals	-	-	-	-	63	0.224	0.299	0.307	2,107	207	471	94	9	646	21	189	163	69	10	39	471	41	53	12	 
2014	11620	158	Columbia	-	Totals	-	-	-	-	49	0.264	0.346	0.367	1,604	233	424	79	13	589	20	210	144	68	22	40	295	27	64	19	 
2014	11620	158	Columbia	-	Opponent Totals	-	-	-	-	49	0.234	0.329	0.328	1,514	196	355	72	8	497	18	178	159	60	13	33	343	35	25	21	 
2014	11620	165	Coppin St.	-	Totals	-	-	-	-	46	0.230	0.319	0.286	1,433	173	330	46	8	410	6	155	138	53	10	29	336	40	25	22	 
2014	11620	165	Coppin St.	-	Opponent Totals	-	-	-	-	46	0.320	0.421	0.417	1,529	345	490	97	10	637	10	298	219	71	32	39	263	37	108	23	 
2014	11620	167	Cornell	-	Totals	-	-	-	-	39	0.250	0.337	0.363	1,252	169	313	69	6	454	20	156	128	39	7	17	253	21	48	17	 
2014	11620	167	Cornell	-	Opponent Totals	-	-	-	-	39	0.257	0.342	0.328	1,233	169	317	48	12	404	5	145	117	48	13	30	256	22	44	7	 
2014	11620	169	Creighton	-	Totals	-	-	-	-	50	0.264	0.359	0.370	1,677	272	443	75	18	620	22	250	201	56	18	59	303	18	41	24	 
2014	11620	169	Creighton	-	Opponent Totals	-	-	-	-	50	0.262	0.346	0.343	1,677	223	440	74	11	575	13	210	179	43	16	50	264	43	57	18	 
2014	11620	1045	Dallas Baptist	-	Totals	-	-	-	-	61	0.262	0.371	0.395	2,086	387	546	109	20	824	43	352	291	82	18	32	425	50	45	16	 
2014	11620	1045	Dallas Baptist	-	Opponent Totals	-	-	-	-	61	0.248	0.349	0.337	2,031	283	503	85	9	684	26	253	271	59	26	54	506	41	47	26	 
2014	11620	172	Dartmouth	-	Totals	-	-	-	-	39	0.273	0.340	0.388	1,280	176	350	57	15	497	20	160	107	30	16	17	219	22	26	17	 
2014	11620	172	Dartmouth	-	Opponent Totals	-	-	-	-	39	0.286	0.355	0.421	1,288	203	369	77	9	542	26	191	106	39	15	21	180	28	41	13	 
2014	11620	173	Davidson	-	Totals	-	-	-	-	48	0.303	0.379	0.459	1,699	322	515	100	7	779	50	293	178	46	25	15	410	31	48	15	 
2014	11620	173	Davidson	-	Opponent Totals	-	-	-	-	48	0.264	0.343	0.395	1,670	283	441	96	9	660	35	247	188	30	33	20	336	29	60	20	 
2014	11620	175	Dayton	-	Totals	-	-	-	-	54	0.266	0.351	0.375	1,801	290	479	109	5	676	26	256	157	95	28	41	374	35	92	27	 
2014	11620	175	Dayton	-	Opponent Totals	-	-	-	-	54	0.289	0.376	0.431	1,854	344	535	120	21	799	34	310	217	58	27	29	285	47	68	30	 
2014	11620	180	Delaware	-	Totals	-	-	-	-	53	0.282	0.349	0.395	1,810	290	510	101	10	715	28	269	157	42	24	42	313	40	36	15	 
2014	11620	180	Delaware	-	Opponent Totals	-	-	-	-	53	0.285	0.387	0.441	1,794	322	512	99	18	791	48	282	231	74	14	23	347	58	51	24	 
2014	11620	178	Delaware St.	-	Totals	-	-	-	-	47	0.331	0.431	0.469	1,603	386	531	101	15	752	30	332	213	84	23	36	247	27	89	19	 
2014	11620	178	Delaware St.	-	Opponent Totals	-	-	-	-	47	0.285	0.368	0.377	1,570	282	448	73	7	592	19	248	173	40	14	39	253	34	39	14	 
2014	11620	193	Duke	-	Totals	-	-	-	-	58	0.263	0.360	0.378	1,964	298	517	89	19	743	33	268	262	49	26	25	389	41	58	30	 
2014	11620	193	Duke	-	Opponent Totals	-	-	-	-	58	0.234	0.309	0.306	1,946	224	456	71	6	596	19	199	190	26	15	35	501	43	38	21	 
2014	11620	196	East Carolina	-	Totals	-	-	-	-	59	0.270	0.340	0.345	1,985	244	535	65	6	684	24	218	185	39	21	53	353	54	38	28	 
2014	11620	196	East Carolina	-	Opponent Totals	-	-	-	-	59	0.238	0.315	0.305	1,965	225	467	53	13	600	18	193	163	68	22	38	371	54	34	23	 
2014	11620	198	East Tenn. St.	-	Totals	-	-	-	-	57	0.276	0.340	0.411	1,953	310	540	98	25	802	38	282	158	41	21	39	295	42	53	25	 
2014	11620	198	East Tenn. St.	-	Opponent Totals	-	-	-	-	57	0.310	0.357	0.479	2,064	351	639	113	37	988	54	328	132	32	22	54	326	27	49	20	 
2014	11620	201	Eastern Ill.	-	Totals	-	-	-	-	56	0.284	0.362	0.384	1,974	322	560	93	15	758	25	293	192	64	24	43	344	52	38	24	 
2014	11620	201	Eastern Ill.	-	Opponent Totals	-	-	-	-	56	0.296	0.389	0.435	1,999	380	591	116	18	869	42	342	254	62	18	27	382	40	67	20	 
2014	11620	202	Eastern Ky.	-	Totals	-	-	-	-	55	0.275	0.369	0.413	1,921	323	529	91	12	794	50	302	220	77	21	13	397	61	71	30	 
2014	11620	202	Eastern Ky.	-	Opponent Totals	-	-	-	-	55	0.326	0.399	0.450	1,981	372	645	122	10	892	35	332	193	69	30	42	282	54	39	34	 
2014	11620	204	Eastern Mich.	-	Totals	-	-	-	-	53	0.262	0.359	0.347	1,801	301	472	94	13	625	11	274	225	55	16	31	328	43	92	25	 
2014	11620	204	Eastern Mich.	-	Opponent Totals	-	-	-	-	53	0.304	0.389	0.401	1,844	361	560	101	18	739	14	313	206	69	27	43	306	37	95	29	 
2014	11620	1068	Elon	-	Totals	-	-	-	-	53	0.270	0.364	0.389	1,809	300	489	91	15	703	31	270	228	46	15	27	399	31	58	20	 
2014	11620	1068	Elon	-	Opponent Totals	-	-	-	-	53	13.653	18.680	19.901	1,802	305	474	102	13	692	30	268	209	81	32	40	300	36	44	16	 
2014	11620	219	Evansville	-	Totals	-	-	-	-	55	0.283	0.380	0.380	1,833	330	518	103	12	696	17	297	226	82	32	25	310	47	45	20	 
2014	11620	219	Evansville	-	Opponent Totals	-	-	-	-	55	0.272	0.348	0.375	1,850	267	504	102	11	694	22	242	179	47	19	32	393	47	49	23	 
2014	11620	28755	FGCU	-	Totals	-	-	-	-	61	0.294	0.367	0.416	2,130	356	627	128	15	887	34	327	205	59	33	33	363	42	63	21	 
2014	11620	28755	FGCU	-	Opponent Totals	-	-	-	-	61	0.262	0.329	0.329	2,074	263	544	96	5	683	11	226	164	47	10	58	421	46	56	20	 
2014	11620	231	FIU	-	Totals	-	-	-	-	56	0.288	0.370	0.389	1,901	315	548	86	14	740	26	274	226	35	22	31	300	63	53	14	 
2014	11620	231	FIU	-	Opponent Totals	-	-	-	-	56	0.238	0.312	0.288	1,850	169	440	56	3	532	10	142	175	32	15	35	418	45	40	16	 
2014	11620	220	Fairfield	-	Totals	-	-	-	-	55	0.262	0.351	0.350	1,756	275	460	75	13	615	18	235	201	50	20	43	333	32	77	16	 
2014	11620	220	Fairfield	-	Opponent Totals	-	-	-	-	55	0.279	0.353	0.370	1,765	236	493	83	10	653	19	217	160	52	21	37	276	49	56	13	 
2014	11620	222	Fairleigh Dickinson	-	Totals	-	-	-	-	47	0.268	0.319	0.331	1,465	187	393	68	3	485	6	171	90	25	14	30	230	40	32	15	 
2014	11620	222	Fairleigh Dickinson	-	Opponent Totals	-	-	-	-	47	0.284	0.387	0.392	1,406	259	399	72	4	551	24	235	189	60	21	33	190	46	62	27	 
2014	11620	229	Fla. Atlantic	-	Totals	-	-	-	-	53	0.275	0.352	0.356	1,808	238	498	81	8	643	16	217	183	42	20	36	383	58	39	13	 
2014	11620	229	Fla. Atlantic	-	Opponent Totals	-	-	-	-	53	0.253	0.324	0.320	1,784	215	451	85	4	571	9	179	150	49	24	38	386	30	51	22	 
2014	11620	235	Florida	-	Totals	-	-	-	-	63	0.267	0.351	0.350	2,077	289	554	76	9	726	26	260	229	60	34	60	348	65	57	27	 
2014	11620	235	Florida	-	Opponent Totals	-	-	-	-	63	0.253	0.324	0.347	2,168	240	548	95	4	753	34	225	174	60	12	53	435	56	52	17	 
2014	11620	228	Florida A&M	-	Totals	-	-	-	-	52	0.277	0.360	0.361	1,813	260	502	81	7	654	19	232	201	46	20	26	383	46	52	12	 
2014	11620	228	Florida A&M	-	Opponent Totals	-	-	-	-	52	0.279	0.372	0.381	1,802	320	503	72	12	686	29	285	186	90	16	35	280	34	84	34	 
2014	11620	234	Florida St.	-	Totals	-	-	-	-	60	0.273	0.391	0.379	2,001	393	547	110	12	759	26	363	330	84	42	26	439	53	58	14	 
2014	11620	234	Florida St.	-	Opponent Totals	-	-	-	-	60	0.240	0.313	0.332	2,009	217	482	95	4	666	27	197	182	37	13	40	432	62	26	21	 
2014	11620	236	Fordham	-	Totals	-	-	-	-	54	0.260	0.349	0.339	1,744	261	453	85	12	592	10	235	159	89	17	53	351	33	101	41	 
2014	11620	236	Fordham	-	Opponent Totals	-	-	-	-	54	0.292	0.371	0.404	1,869	327	546	89	26	756	23	285	192	54	20	36	366	51	91	23	 
2014	11620	96	Fresno St.	-	Totals	-	-	-	-	57	0.270	0.352	0.386	1,950	281	527	96	9	752	37	254	209	47	19	62	396	50	41	21	 
2014	11620	96	Fresno St.	-	Opponent Totals	-	-	-	-	57	0.261	0.342	0.338	1,939	253	507	83	12	656	14	219	202	47	23	35	343	52	37	24	 
2014	11620	244	Furman	-	Totals	-	-	-	-	59	0.288	0.369	0.390	2,105	345	607	93	15	820	30	304	233	59	37	25	381	48	89	30	 
2014	11620	244	Furman	-	Opponent Totals	-	-	-	-	59	0.284	0.371	0.398	2,057	367	584	103	15	819	34	333	248	55	33	31	398	58	63	22	 
2014	11620	253	Ga. Southern	-	Totals	-	-	-	-	63	0.286	0.369	0.429	2,190	413	627	116	7	940	61	372	256	49	28	27	445	41	89	34	 
2014	11620	253	Ga. Southern	-	Opponent Totals	-	-	-	-	63	0.252	0.327	0.346	2,159	273	545	95	6	748	32	238	192	53	14	35	491	47	67	30	 
2014	11620	1092	Gardner-Webb	-	Totals	-	-	-	-	55	0.255	0.330	0.341	1,856	249	474	78	10	632	20	217	154	61	15	30	378	29	93	31	 
2014	11620	1092	Gardner-Webb	-	Opponent Totals	-	-	-	-	55	0.257	0.319	0.335	1,840	240	472	87	5	617	16	212	159	19	17	49	395	58	50	11	 
2014	11620	248	George Mason	-	Totals	-	-	-	-	56	0.270	0.360	0.357	1,898	270	512	100	10	677	15	236	224	61	29	37	377	50	39	17	 
2014	11620	248	George Mason	-	Opponent Totals	-	-	-	-	56	0.264	0.324	0.331	1,935	224	511	92	8	640	7	202	141	39	18	52	342	33	58	25	 
2014	11620	249	George Washington	-	Totals	-	-	-	-	50	0.255	0.322	0.305	1,645	200	420	58	6	502	4	176	117	54	17	38	207	45	66	31	 
2014	11620	249	George Washington	-	Opponent Totals	-	-	-	-	50	0.286	0.371	0.387	1,667	261	476	86	16	645	17	234	192	51	28	53	241	47	75	25	 
2014	11620	251	Georgetown	-	Totals	-	-	-	-	48	0.260	0.354	0.328	1,609	219	419	73	3	528	10	205	187	56	19	21	331	32	39	22	 
2014	11620	251	Georgetown	-	Opponent Totals	-	-	-	-	48	0.290	0.394	0.396	1,633	323	473	85	22	647	15	281	231	69	28	41	270	31	81	22	 
2014	11620	257	Georgia	-	Totals	-	-	-	-	56	0.256	0.346	0.320	1,893	253	484	69	7	606	13	210	224	48	17	25	398	45	42	18	 
2014	11620	257	Georgia	-	Opponent Totals	-	-	-	-	56	0.267	0.353	0.349	1,912	293	511	88	6	668	19	271	224	40	21	41	337	53	43	12	 
2014	11620	254	Georgia St.	-	Totals	-	-	-	-	56	0.294	0.379	0.460	1,935	356	569	124	9	891	60	334	213	64	20	38	404	40	60	22	 
2014	11620	254	Georgia St.	-	Opponent Totals	-	-	-	-	56	0.305	0.384	0.438	1,987	380	607	116	14	871	40	342	192	75	25	45	341	36	61	32	 
2014	11620	255	Georgia Tech	-	Totals	-	-	-	-	64	0.276	0.349	0.374	2,211	316	611	110	21	826	21	292	208	54	26	54	437	49	54	28	 
2014	11620	255	Georgia Tech	-	Opponent Totals	-	-	-	-	64	0.255	0.350	0.331	2,156	249	549	85	4	714	24	220	270	53	14	47	479	77	40	26	 
2014	11620	260	Gonzaga	-	Totals	-	-	-	-	55	0.266	0.350	0.327	1,791	238	477	68	8	585	8	223	196	48	25	68	301	44	41	16	 
2014	11620	260	Gonzaga	-	Opponent Totals	-	-	-	-	55	0.288	0.365	0.400	1,824	274	525	91	25	729	21	247	187	49	23	62	314	45	50	23	 
2014	11620	261	Grambling	-	Totals	-	-	-	-	48	0.276	0.350	0.376	1,642	273	454	76	20	618	16	248	159	38	19	47	325	36	81	30	 
2014	11620	261	Grambling	-	Opponent Totals	-	-	-	-	48	0.315	0.404	0.450	1,659	317	523	78	16	747	38	287	176	85	22	39	179	35	34	36	 
2014	11620	1104	Grand Canyon	-	Totals	-	-	-	-	53	0.283	0.361	0.369	1,765	298	500	84	16	652	12	257	184	43	21	62	284	41	96	28	 
2014	11620	1104	Grand Canyon	-	Opponent Totals	-	-	-	-	53	0.256	0.335	0.352	1,704	212	436	94	14	600	14	196	163	50	22	37	278	54	32	28	 
2014	11620	272	Hartford	-	Totals	-	-	-	-	54	0.252	0.323	0.334	1,784	231	450	78	13	596	14	210	141	54	16	43	334	30	49	28	 
2014	11620	272	Hartford	-	Opponent Totals	-	-	-	-	54	0.242	0.319	0.314	1,772	204	429	68	12	557	12	185	160	49	19	35	343	34	82	26	 
2014	11620	275	Harvard	-	Totals	-	-	-	-	39	0.250	0.318	0.302	1,281	141	320	52	3	387	3	126	96	37	9	38	225	18	41	7	 
2014	11620	275	Harvard	-	Opponent Totals	-	-	-	-	39	0.267	0.351	0.362	1,233	198	329	53	11	446	14	178	121	47	15	29	259	24	37	14	 
2014	11620	277	Hawaii	-	Totals	-	-	-	-	53	0.249	0.321	0.305	1,750	226	435	59	8	534	8	194	164	31	17	36	304	43	36	20	 
2014	11620	277	Hawaii	-	Opponent Totals	-	-	-	-	53	0.262	0.336	0.333	1,751	237	458	75	13	583	8	195	160	47	24	64	348	39	75	24	 
2014	11620	19651	High Point	-	Totals	-	-	-	-	55	0.280	0.357	0.359	1,957	293	548	75	11	702	19	252	174	74	27	62	329	30	30	19	 
2014	11620	19651	High Point	-	Opponent Totals	-	-	-	-	55	0.227	0.339	0.308	1,773	217	403	64	8	546	21	193	254	60	26	35	384	60	33	28	 
2014	11620	283	Hofstra	-	Totals	-	-	-	-	44	0.274	0.339	0.377	1,484	210	407	79	8	559	19	187	130	22	13	18	252	35	88	35	 
2014	11620	283	Hofstra	-	Opponent Totals	-	-	-	-	44	0.290	0.384	0.384	1,491	254	432	67	10	573	18	222	182	57	16	27	268	48	60	24	 
2014	11620	285	Holy Cross	-	Totals	-	-	-	-	40	0.261	0.347	0.359	1,320	177	344	75	5	474	15	154	135	47	12	28	267	31	48	16	 
2014	11620	285	Holy Cross	-	Opponent Totals	-	-	-	-	40	0.288	0.378	0.381	1,300	215	375	59	8	495	15	191	148	46	11	31	220	21	65	23	 
2014	11620	288	Houston	-	Totals	-	-	-	-	66	0.278	0.373	0.352	2,179	340	606	92	9	767	17	297	292	48	15	65	358	56	84	26	 
2014	11620	288	Houston	-	Opponent Totals	-	-	-	-	66	0.234	0.287	0.313	2,155	187	504	78	7	674	26	172	119	49	17	36	426	51	42	34	 
2014	11620	287	Houston Baptist	-	Totals	-	-	-	-	51	0.293	0.360	0.357	1,808	238	529	63	12	646	10	210	151	49	16	39	292	36	43	16	 
2014	11620	287	Houston Baptist	-	Opponent Totals	-	-	-	-	51	0.286	0.353	0.371	1,792	276	512	76	13	665	17	248	143	56	21	35	257	45	36	28	 
2014	11620	308	IPFW	-	Totals	-	-	-	-	55	0.294	0.384	0.409	1,835	319	539	93	10	751	33	291	229	56	28	20	409	39	34	12	 
2014	11620	308	IPFW	-	Opponent Totals	-	-	-	-	55	0.318	0.429	0.434	1,754	391	558	102	12	762	26	355	302	59	29	50	312	41	77	34	 
2014	11620	302	Ill.-Chicago	-	Totals	-	-	-	-	51	0.304	0.393	0.406	1,790	338	544	86	11	727	25	284	211	66	23	56	326	48	44	23	 
2014	11620	302	Ill.-Chicago	-	Opponent Totals	-	-	-	-	51	0.306	0.386	0.398	1,813	311	555	80	7	721	24	284	180	74	29	36	254	53	56	19	 
2014	11620	301	Illinois	-	Totals	-	-	-	-	53	0.273	0.359	0.365	1,784	253	487	74	14	652	21	233	198	55	22	23	305	51	66	39	 
2014	11620	301	Illinois	-	Opponent Totals	-	-	-	-	53	0.259	0.319	0.347	1,809	205	468	74	2	627	27	185	125	42	16	32	365	46	41	24	 
2014	11620	299	Illinois St.	-	Totals	-	-	-	-	55	0.272	0.378	0.379	1,850	313	504	87	16	701	26	287	262	64	17	23	380	40	48	25	 
2014	11620	299	Illinois St.	-	Opponent Totals	-	-	-	-	55	0.236	0.335	0.308	1,766	225	417	67	12	544	12	196	216	58	20	32	493	45	34	16	 
2014	11620	2743	Incarnate Word	-	Totals	-	-	-	-	50	0.250	0.340	0.313	1,649	210	412	77	9	516	3	181	178	50	6	34	326	40	28	19	 
2014	11620	2743	Incarnate Word	-	Opponent Totals	-	-	-	-	50	0.284	0.373	0.381	1,663	271	473	70	21	633	16	246	198	50	24	44	274	35	84	25	 
2014	11620	306	Indiana	-	Totals	-	-	-	-	59	0.296	0.366	0.434	2,071	370	612	113	22	898	43	339	196	47	21	44	332	36	68	31	 
2014	11620	306	Indiana	-	Opponent Totals	-	-	-	-	59	0.239	0.314	0.310	1,969	177	470	77	9	610	15	163	169	51	11	39	410	48	41	32	 
2014	11620	305	Indiana St.	-	Totals	-	-	-	-	53	0.271	0.361	0.347	1,828	265	496	71	13	635	14	244	192	74	16	35	324	29	70	22	 
2014	11620	305	Indiana St.	-	Opponent Totals	-	-	-	-	53	0.240	0.331	0.321	1,740	222	417	72	6	558	19	211	189	57	17	34	299	37	47	20	 
2014	11620	310	Iona	-	Totals	-	-	-	-	44	0.256	0.341	0.309	1,431	179	366	50	7	442	4	157	149	44	16	14	293	37	68	24	 
2014	11620	310	Iona	-	Opponent Totals	-	-	-	-	44	0.284	0.381	0.379	1,445	274	411	76	11	548	13	238	173	59	12	37	219	33	61	24	 
2014	11620	312	Iowa	-	Totals	-	-	-	-	53	0.296	0.383	0.389	1,869	337	553	83	11	727	23	301	197	82	26	35	354	49	79	22	 
2014	11620	312	Iowa	-	Opponent Totals	-	-	-	-	53	0.278	0.356	0.383	1,807	262	503	86	11	692	27	236	170	57	17	29	337	47	41	16	 
2014	11620	314	Jackson St.	-	Totals	-	-	-	-	56	0.267	0.381	0.359	1,805	341	482	102	8	648	16	294	240	111	29	76	333	36	86	35	 
2014	11620	314	Jackson St.	-	Opponent Totals	-	-	-	-	56	14.774	20.014	19.254	1,863	288	503	87	8	657	17	262	231	76	33	56	361	53	59	25	 
2014	11620	316	Jacksonville	-	Totals	-	-	-	-	54	0.272	0.356	0.354	1,799	259	490	79	13	637	14	235	182	63	19	61	321	47	69	19	 
2014	11620	316	Jacksonville	-	Opponent Totals	-	-	-	-	54	0.284	0.368	0.399	1,833	306	521	97	16	731	27	271	192	64	25	33	321	41	45	23	 
2014	11620	315	Jacksonville St.	-	Totals	-	-	-	-	63	0.294	0.371	0.420	2,252	379	661	126	22	945	38	344	253	45	37	39	468	43	79	20	 
2014	11620	315	Jacksonville St.	-	Opponent Totals	-	-	-	-	63	0.276	0.367	0.382	2,198	353	606	93	16	839	36	324	256	73	23	42	395	57	62	16	 
2014	11620	317	James Madison	-	Totals	-	-	-	-	53	0.277	0.363	0.408	1,847	289	512	104	18	754	34	271	199	57	12	19	367	34	29	20	 
2014	11620	317	James Madison	-	Opponent Totals	-	-	-	-	53	0.333	0.424	0.473	1,886	455	628	116	13	893	41	412	243	72	23	37	306	47	84	31	 
2014	11620	328	Kansas	-	Totals	-	-	-	-	61	0.282	0.370	0.380	2,063	345	582	101	16	784	23	317	231	72	25	76	328	50	41	18	 
2014	11620	328	Kansas	-	Opponent Totals	-	-	-	-	61	0.265	0.327	0.347	2,045	255	542	90	7	709	21	229	157	45	30	40	335	49	56	25	 
2014	11620	327	Kansas St.	-	Totals	-	-	-	-	55	0.283	0.383	0.365	1,828	318	518	82	11	667	15	288	236	79	34	31	317	46	89	17	 
2014	11620	327	Kansas St.	-	Opponent Totals	-	-	-	-	55	0.293	0.361	0.416	1,885	303	553	97	13	784	36	276	177	36	21	36	264	42	62	20	 
2014	11620	1157	Kennesaw St.	-	Totals	-	-	-	-	64	0.298	0.362	0.396	2,275	384	677	103	20	901	27	341	207	40	32	58	363	59	62	22	 
2014	11620	1157	Kennesaw St.	-	Opponent Totals	-	-	-	-	64	0.262	0.342	0.325	2,244	283	589	87	3	730	16	248	219	66	27	58	469	37	66	30	 
2014	11620	331	Kent St.	-	Totals	-	-	-	-	59	0.285	0.370	0.403	2,019	375	575	119	22	813	25	343	195	94	28	31	325	48	75	20	 
2014	11620	331	Kent St.	-	Opponent Totals	-	-	-	-	59	0.236	0.320	0.310	1,928	273	455	78	7	598	17	237	193	55	24	28	418	36	61	18	 
2014	11620	334	Kentucky	-	Totals	-	-	-	-	62	0.299	0.397	0.446	2,194	472	655	121	11	978	60	422	268	109	26	30	406	54	67	20	 
2014	11620	334	Kentucky	-	Opponent Totals	-	-	-	-	62	0.275	0.343	0.377	2,151	319	592	92	10	812	36	282	192	45	27	47	375	60	38	19	 
2014	11620	361	LIU Brooklyn	-	Totals	-	-	-	-	51	0.290	0.373	0.369	1,670	296	485	65	9	616	16	267	175	55	17	22	252	37	67	18	 
2014	11620	361	LIU Brooklyn	-	Opponent Totals	-	-	-	-	51	0.295	0.370	0.421	1,629	288	480	114	13	686	22	251	151	54	18	28	228	42	67	19	 
2014	11620	365	LSU	-	Totals	-	-	-	-	63	0.287	0.367	0.415	2,098	394	602	117	14	870	41	361	223	61	32	53	274	51	49	25	 
2014	11620	365	LSU	-	Opponent Totals	-	-	-	-	63	0.218	0.294	0.285	1,999	180	436	63	2	569	22	171	178	47	23	50	443	44	43	29	 
2014	11620	340	La Salle	-	Totals	-	-	-	-	49	0.267	0.341	0.389	1,696	245	452	83	20	659	28	212	154	46	16	34	334	38	27	10	 
2014	11620	340	La Salle	-	Opponent Totals	-	-	-	-	49	0.300	0.391	0.418	1,704	366	512	97	16	713	24	325	193	77	24	31	292	32	100	15	 
2014	11620	671	La.-Lafayette	-	Totals	-	-	-	-	68	0.317	0.409	0.493	2,314	530	734	141	31	1,141	68	478	278	114	49	80	416	36	109	43	 
2014	11620	671	La.-Lafayette	-	Opponent Totals	-	-	-	-	68	0.242	0.325	0.342	2,253	265	545	105	17	771	29	243	212	75	17	30	472	62	36	23	 
2014	11620	498	La.-Monroe	-	Totals	-	-	-	-	59	0.246	0.336	0.357	1,979	310	486	95	16	706	31	259	216	58	11	54	460	46	55	28	 
2014	11620	498	La.-Monroe	-	Opponent Totals	-	-	-	-	59	0.294	0.384	0.446	2,068	421	608	125	15	922	53	370	240	81	32	48	399	43	77	24	 
2014	11620	342	Lafayette	-	Totals	-	-	-	-	41	0.239	0.317	0.319	1,238	149	296	49	4	395	14	139	94	52	10	31	268	22	32	14	 
2014	11620	342	Lafayette	-	Opponent Totals	-	-	-	-	41	0.257	0.340	0.346	1,255	195	323	49	10	434	14	165	112	52	14	30	238	23	54	15	 
2014	11620	346	Lamar	-	Totals	-	-	-	-	56	0.291	0.380	0.369	1,971	316	573	95	9	728	14	280	238	60	21	41	354	49	51	23	 
2014	11620	346	Lamar	-	Opponent Totals	-	-	-	-	56	0.267	0.348	0.340	1,907	260	510	79	9	649	14	228	182	63	18	61	321	34	45	23	 
2014	11620	352	Lehigh	-	Totals	-	-	-	-	49	0.270	0.346	0.332	1,547	221	417	67	7	513	5	189	131	56	13	31	292	35	78	29	 
2014	11620	352	Lehigh	-	Opponent Totals	-	-	-	-	49	0.271	0.359	0.349	1,540	224	417	68	14	537	8	196	154	69	20	39	333	34	71	22	 
2014	11620	355	Liberty	-	Totals	-	-	-	-	59	0.273	0.350	0.392	2,014	324	549	107	11	789	37	301	181	72	23	45	418	38	40	20	 
2014	11620	355	Liberty	-	Opponent Totals	-	-	-	-	59	0.221	0.294	0.287	1,952	191	431	65	10	561	15	170	177	30	14	41	448	39	45	16	 
2014	11620	28600	Lipscomb	-	Totals	-	-	-	-	61	0.273	0.369	0.385	2,031	351	555	111	20	781	25	314	272	49	24	50	441	41	62	34	 
2014	11620	28600	Lipscomb	-	Opponent Totals	-	-	-	-	61	0.244	0.347	0.345	1,980	298	484	91	14	684	27	266	266	61	31	51	390	65	60	24	 
2014	11620	99	Long Beach St.	-	Totals	-	-	-	-	60	0.260	0.332	0.337	1,945	261	506	83	21	655	8	231	170	54	28	67	340	41	75	34	 
2014	11620	99	Long Beach St.	-	Opponent Totals	-	-	-	-	60	0.238	0.316	0.305	1,919	198	457	72	10	585	12	177	142	86	21	52	330	42	42	32	 
2014	11620	363	Longwood	-	Totals	-	-	-	-	55	0.262	0.325	0.364	1,889	245	494	91	12	687	26	231	162	21	10	25	432	49	58	22	 
2014	11620	363	Longwood	-	Opponent Totals	-	-	-	-	55	0.262	0.346	0.358	1,866	275	489	65	12	668	30	251	201	51	23	48	344	39	79	26	 
2014	11620	366	Louisiana Tech	-	Totals	-	-	-	-	50	0.250	0.322	0.325	1,658	172	414	62	3	539	19	147	148	36	16	37	316	62	53	21	 
2014	11620	366	Louisiana Tech	-	Opponent Totals	-	-	-	-	50	0.283	0.371	0.381	1,704	282	483	75	5	649	27	253	189	62	25	49	247	45	61	19	 
2014	11620	367	Louisville	-	Totals	-	-	-	-	67	0.285	0.378	0.397	2,232	417	636	115	19	885	32	376	246	109	34	61	390	44	133	34	 
2014	11620	367	Louisville	-	Opponent Totals	-	-	-	-	67	0.228	0.323	0.283	2,169	223	495	51	7	614	18	200	249	65	19	55	564	53	52	34	 
2014	11620	370	Loyola Marymount	-	Totals	-	-	-	-	56	0.290	0.356	0.370	1,848	255	536	80	19	684	10	226	136	71	30	72	320	42	75	26	 
2014	11620	370	Loyola Marymount	-	Opponent Totals	-	-	-	-	56	0.259	0.338	0.373	1,839	256	477	107	15	686	24	229	172	63	30	39	330	53	51	26	 
2014	11620	380	Maine	-	Totals	-	-	-	-	53	0.280	0.351	0.366	1,799	251	503	90	9	659	16	218	169	42	23	35	327	33	56	28	 
2014	11620	380	Maine	-	Opponent Totals	-	-	-	-	53	0.278	0.350	0.364	1,779	262	494	102	8	648	12	229	168	44	26	38	324	32	62	14	 
2014	11620	381	Manhattan	-	Totals	-	-	-	-	50	0.233	0.315	0.303	1,612	173	376	70	8	489	9	158	134	65	15	37	334	37	75	21	 
2014	11620	381	Manhattan	-	Opponent Totals	-	-	-	-	50	0.266	0.380	0.335	1,599	280	426	67	11	536	7	232	221	87	23	48	232	51	72	25	 
2014	11620	386	Marist	-	Totals	-	-	-	-	49	0.242	0.347	0.320	1,527	226	370	68	10	488	10	205	179	75	19	38	299	45	58	16	 
2014	11620	386	Marist	-	Opponent Totals	-	-	-	-	49	0.280	0.372	0.350	1,552	278	435	63	6	543	11	249	179	57	15	48	263	35	72	17	 
2014	11620	388	Marshall	-	Totals	-	-	-	-	51	0.231	0.311	0.285	1,619	191	374	55	6	462	7	167	138	61	22	34	338	41	53	30	 
2014	11620	388	Marshall	-	Opponent Totals	-	-	-	-	51	0.262	0.355	0.364	1,661	259	436	81	9	604	23	227	210	43	27	29	345	37	28	23	 
2014	11620	392	Maryland	-	Totals	-	-	-	-	63	0.271	0.378	0.359	2,039	336	553	112	5	732	19	300	240	126	26	78	384	51	85	29	 
2014	11620	392	Maryland	-	Opponent Totals	-	-	-	-	63	0.238	0.321	0.330	2,086	261	497	104	11	689	22	237	211	55	27	35	500	33	44	21	 
2014	11620	400	Massachusetts	-	Totals	-	-	-	-	46	0.257	0.325	0.333	1,542	191	397	69	4	513	13	171	130	30	14	51	346	35	28	25	 
2014	11620	400	Massachusetts	-	Opponent Totals	-	-	-	-	46	0.279	0.372	0.376	1,554	256	433	78	4	585	22	229	159	90	28	31	226	37	62	18	 
2014	11620	402	McNeese St.	-	Totals	-	-	-	-	58	0.277	0.362	0.365	2,035	323	564	94	8	743	23	286	217	66	25	48	309	51	69	30	 
2014	11620	402	McNeese St.	-	Opponent Totals	-	-	-	-	58	0.280	0.367	0.386	2,067	331	579	104	9	797	32	308	229	70	27	46	353	42	41	19	 
2014	11620	404	Memphis	-	Totals	-	-	-	-	59	0.269	0.356	0.338	1,983	304	533	78	4	670	17	262	227	58	31	49	350	48	73	40	 
2014	11620	404	Memphis	-	Opponent Totals	-	-	-	-	59	0.261	0.342	0.342	2,006	283	524	83	8	686	21	261	193	65	23	38	368	43	82	25	 
2014	11620	406	Mercer	-	Totals	-	-	-	-	54	0.289	0.380	0.415	1,781	315	515	84	7	739	42	290	219	51	14	66	356	44	32	26	 
2014	11620	406	Mercer	-	Opponent Totals	-	-	-	-	54	0.268	0.320	0.356	1,809	200	484	67	9	644	25	185	110	39	19	49	363	46	54	14	 
2014	11620	415	Miami (FL)	-	Totals	-	-	-	-	63	0.257	0.350	0.354	2,106	332	541	106	12	746	25	301	267	46	19	68	415	43	59	35	 
2014	11620	415	Miami (FL)	-	Opponent Totals	-	-	-	-	63	0.241	0.318	0.303	2,143	234	516	88	8	650	10	208	207	43	16	56	530	56	39	23	 
2014	11620	414	Miami (OH)	-	Totals	-	-	-	-	57	0.284	0.354	0.399	1,978	313	562	97	25	790	27	281	186	41	24	62	351	39	55	45	 
2014	11620	414	Miami (OH)	-	Opponent Totals	-	-	-	-	57	0.273	0.366	0.386	1,990	340	543	117	23	769	21	292	214	91	22	36	404	36	77	16	 
2014	11620	418	Michigan	-	Totals	-	-	-	-	60	0.256	0.341	0.345	1,956	265	501	92	14	675	18	235	202	66	30	48	355	39	81	30	 
2014	11620	418	Michigan	-	Opponent Totals	-	-	-	-	60	0.241	0.336	0.320	1,957	231	471	94	13	627	12	208	237	49	11	52	440	40	36	24	 
2014	11620	416	Michigan St.	-	Totals	-	-	-	-	57	0.267	0.344	0.359	1,905	260	509	92	10	684	21	230	186	49	24	31	308	40	88	29	 
2014	11620	416	Michigan St.	-	Opponent Totals	-	-	-	-	57	0.245	0.325	0.331	1,865	227	457	80	13	617	18	201	182	48	18	45	355	41	40	39	 
2014	11620	419	Middle Tenn.	-	Totals	-	-	-	-	58	0.269	0.349	0.388	1,940	302	521	107	16	753	31	263	209	44	27	24	406	57	35	19	 
2014	11620	419	Middle Tenn.	-	Opponent Totals	-	-	-	-	58	0.256	0.352	0.337	1,867	278	478	69	8	629	22	243	224	61	18	30	423	52	59	18	 
2014	11620	797	Milwaukee	-	Totals	-	-	-	-	50	0.279	0.357	0.374	1,744	278	486	80	7	652	24	239	158	73	32	16	286	36	77	16	 
2014	11620	797	Milwaukee	-	Opponent Totals	-	-	-	-	50	0.275	0.375	0.365	1,686	283	463	71	8	616	22	241	229	51	14	41	297	49	44	25	 
2014	11620	428	Minnesota	-	Totals	-	-	-	-	51	0.256	0.338	0.335	1,721	213	440	84	8	576	12	192	192	31	16	18	271	45	39	17	 
2014	11620	428	Minnesota	-	Opponent Totals	-	-	-	-	51	0.256	0.339	0.344	1,718	223	439	74	9	591	20	201	175	51	17	32	293	29	49	23	 
2014	11620	430	Mississippi St.	-	Totals	-	-	-	-	63	0.275	0.369	0.340	2,094	311	575	70	9	711	16	282	273	61	36	60	372	55	68	27	 
2014	11620	430	Mississippi St.	-	Opponent Totals	-	-	-	-	63	0.242	0.325	0.305	2,125	228	514	79	8	648	13	198	211	60	16	46	513	49	52	18	 
2014	11620	432	Mississippi Val.	-	Totals	-	-	-	-	41	0.219	0.304	0.264	1,253	103	275	35	6	331	3	82	117	39	11	29	333	21	57	16	 
2014	11620	432	Mississippi Val.	-	Opponent Totals	-	-	-	-	41	0.326	0.424	0.496	1,364	358	445	109	18	677	29	325	204	53	35	20	167	19	71	16	 
2014	11620	434	Missouri	-	Totals	-	-	-	-	52	0.242	0.325	0.309	1,743	191	421	73	7	538	10	166	184	40	17	29	366	45	38	22	 
2014	11620	434	Missouri	-	Opponent Totals	-	-	-	-	52	0.279	0.336	0.368	1,812	243	505	78	13	666	19	220	124	41	16	34	337	40	66	19	 
2014	11620	669	Missouri St.	-	Totals	-	-	-	-	57	0.259	0.346	0.359	1,939	270	502	94	11	696	26	251	232	34	14	38	403	39	52	22	 
2014	11620	669	Missouri St.	-	Opponent Totals	-	-	-	-	57	0.250	0.333	0.338	1,891	247	472	73	10	640	25	226	202	45	18	50	428	41	34	22	 
2014	11620	439	Monmouth	-	Totals	-	-	-	-	49	0.275	0.345	0.344	1,623	220	447	78	5	559	8	192	136	44	17	41	256	45	41	14	 
2014	11620	439	Monmouth	-	Opponent Totals	-	-	-	-	49	0.274	0.342	0.364	1,562	215	428	73	13	569	14	195	125	45	19	34	271	45	42	21	 
2014	11620	444	Morehead St.	-	Totals	-	-	-	-	57	0.306	0.397	0.430	2,080	374	637	116	20	895	34	335	233	94	20	35	303	67	28	22	 
2014	11620	444	Morehead St.	-	Opponent Totals	-	-	-	-	57	0.302	0.388	0.444	2,096	432	633	132	12	930	47	398	253	59	29	23	427	36	80	24	 
2014	11620	450	Mt. St. Mary's	-	Totals	-	-	-	-	41	0.259	0.336	0.327	1,249	180	323	51	2	408	10	150	124	28	11	31	225	40	44	17	 
2014	11620	450	Mt. St. Mary's	-	Opponent Totals	-	-	-	-	41	13.091	16.105	16.912	1,360	274	444	71	7	580	17	251	134	62	27	27	220	24	55	20	 
2014	11620	454	Murray St.	-	Totals	-	-	-	-	52	0.267	0.361	0.351	1,796	286	480	98	11	630	10	259	221	53	16	34	352	53	38	12	 
2014	11620	454	Murray St.	-	Opponent Totals	-	-	-	-	52	0.286	0.369	0.407	1,814	316	518	93	19	739	30	284	187	71	29	41	314	37	65	20	 
2014	11620	488	N.C. A&T	-	Totals	-	-	-	-	49	0.245	0.339	0.312	1,546	198	379	52	9	482	11	170	197	35	23	26	314	29	95	31	 
2014	11620	488	N.C. A&T	-	Opponent Totals	-	-	-	-	49	0.303	0.398	0.404	1,669	339	505	85	5	675	25	281	200	88	34	24	264	43	59	25	 
2014	11620	489	N.C. Central	-	Totals	-	-	-	-	53	0.264	0.355	0.358	1,718	280	454	75	10	615	22	253	172	83	23	28	387	57	47	14	 
2014	11620	489	N.C. Central	-	Opponent Totals	-	-	-	-	53	0.304	0.398	0.440	1,794	401	546	110	25	790	28	359	222	82	36	48	301	23	55	22	 
2014	11620	471	NJIT	-	Totals	-	-	-	-	45	0.260	0.348	0.382	1,417	217	369	76	6	541	28	189	148	52	16	15	250	35	39	8	 
2014	11620	471	NJIT	-	Opponent Totals	-	-	-	-	45	0.272	0.379	0.342	1,399	249	381	50	6	479	12	222	215	36	18	22	294	32	69	16	 
2014	11620	477	NYIT	-	Totals	-	-	-	-	50	0.228	0.313	0.295	1,548	162	353	72	4	457	8	139	160	39	19	17	415	27	69	14	 
2014	11620	477	NYIT	-	Opponent Totals	-	-	-	-	50	0.328	0.444	0.461	1,569	433	514	112	13	724	24	377	291	75	45	29	174	30	139	21	 
2014	11620	726	Navy	-	Totals	-	-	-	-	51	0.261	0.348	0.326	1,582	222	413	55	16	515	5	198	162	58	16	34	244	50	50	14	 
2014	11620	726	Navy	-	Opponent Totals	-	-	-	-	51	0.252	0.329	0.328	1,602	210	404	68	12	526	10	186	142	46	9	31	350	24	47	25	 
2014	11620	463	Nebraska	-	Totals	-	-	-	-	62	0.293	0.363	0.384	2,126	363	623	98	19	816	19	331	222	29	28	59	305	45	39	18	 
2014	11620	463	Nebraska	-	Opponent Totals	-	-	-	-	62	0.263	0.334	0.331	2,085	270	549	70	9	691	18	240	198	38	26	51	356	52	40	23	 
2014	11620	466	Nevada	-	Totals	-	-	-	-	58	0.283	0.366	0.401	1,950	300	551	104	12	781	34	269	195	72	19	56	275	60	44	24	 
2014	11620	466	Nevada	-	Opponent Totals	-	-	-	-	58	0.269	0.355	0.365	1,944	275	523	99	18	709	17	245	200	67	15	56	344	38	45	38	 
2014	11620	473	New Mexico	-	Totals	-	-	-	-	58	0.312	0.383	0.403	2,097	370	654	103	19	846	17	337	212	43	22	50	312	45	56	22	 
2014	11620	473	New Mexico	-	Opponent Totals	-	-	-	-	58	0.284	0.351	0.393	2,048	293	581	87	7	805	41	270	172	51	17	45	311	53	33	16	 
2014	11620	472	New Mexico St.	-	Totals	-	-	-	-	54	0.278	0.381	0.378	1,829	340	508	84	11	692	26	310	275	49	28	24	391	42	36	18	 
2014	11620	472	New Mexico St.	-	Opponent Totals	-	-	-	-	54	0.313	0.413	0.416	1,868	387	585	96	17	778	21	343	275	67	35	38	343	55	41	16	 
2014	11620	474	New Orleans	-	Totals	-	-	-	-	49	0.247	0.311	0.310	1,699	178	420	65	7	526	9	161	132	34	17	48	293	28	28	15	 
2014	11620	474	New Orleans	-	Opponent Totals	-	-	-	-	49	0.283	0.382	0.372	1,721	282	487	74	13	641	18	252	213	75	19	42	240	29	52	35	 
2014	11620	482	Niagara	-	Totals	-	-	-	-	51	0.254	0.347	0.321	1,566	220	398	53	9	502	11	196	170	59	14	51	340	35	45	19	 
2014	11620	482	Niagara	-	Opponent Totals	-	-	-	-	51	0.278	0.379	0.369	1,595	296	443	81	10	589	15	252	196	79	24	35	323	20	70	21	 
2014	11620	483	Nicholls St.	-	Totals	-	-	-	-	58	0.248	0.328	0.313	1,938	269	480	78	14	607	7	233	175	70	25	67	376	42	68	24	 
2014	11620	483	Nicholls St.	-	Opponent Totals	-	-	-	-	58	0.249	0.329	0.305	1,924	210	479	66	9	587	8	179	181	53	12	59	407	68	33	23	 
2014	11620	485	Norfolk St.	-	Totals	-	-	-	-	49	0.271	0.351	0.355	1,556	261	421	76	17	552	7	220	172	32	19	41	261	32	63	15	 
2014	11620	485	Norfolk St.	-	Opponent Totals	-	-	-	-	49	0.292	0.392	0.401	1,570	300	459	81	21	630	16	264	226	47	24	24	289	33	65	21	 
2014	11620	457	North Carolina	-	Totals	-	-	-	-	62	0.274	0.361	0.367	2,089	315	572	103	5	766	27	289	259	47	37	37	380	58	71	26	 
2014	11620	457	North Carolina	-	Opponent Totals	-	-	-	-	62	0.236	0.323	0.288	2,097	228	494	56	6	604	14	211	224	58	25	45	497	35	69	26	 
2014	11620	490	North Carolina St.	-	Totals	-	-	-	-	55	0.270	0.365	0.371	1,876	316	506	72	14	696	30	269	238	52	15	31	413	45	70	18	 
2014	11620	490	North Carolina St.	-	Opponent Totals	-	-	-	-	55	0.236	0.337	0.314	1,820	213	430	69	6	571	20	193	226	57	14	26	507	39	59	24	 
2014	11620	494	North Dakota	-	Totals	-	-	-	-	39	0.255	0.336	0.337	1,322	152	337	56	5	445	14	140	142	27	13	20	258	33	25	12	 
2014	11620	494	North Dakota	-	Opponent Totals	-	-	-	-	39	0.307	0.385	0.426	1,335	235	410	65	17	569	20	218	140	40	19	33	194	24	46	17	 
2014	11620	493	North Dakota St.	-	Totals	-	-	-	-	51	0.272	0.366	0.346	1,614	279	439	71	12	558	8	233	197	49	11	46	292	37	58	23	 
2014	11620	493	North Dakota St.	-	Opponent Totals	-	-	-	-	51	0.278	0.363	0.362	1,631	238	454	71	10	590	15	215	186	41	20	40	326	27	56	21	 
2014	11620	2711	North Florida	-	Totals	-	-	-	-	53	0.304	0.359	0.412	1,897	286	576	80	10	781	35	262	138	34	15	31	255	51	33	12	 
2014	11620	2711	North Florida	-	Opponent Totals	-	-	-	-	53	0.299	0.367	0.405	1,826	284	546	80	9	740	32	255	170	41	24	37	270	36	44	22	 
2014	11620	500	Northeastern	-	Totals	-	-	-	-	55	0.254	0.333	0.328	1,890	243	480	73	18	619	10	214	187	49	23	30	341	23	46	20	 
2014	11620	500	Northeastern	-	Opponent Totals	-	-	-	-	55	0.249	0.332	0.335	1,836	226	457	72	10	615	22	200	169	67	15	43	374	30	35	25	 
2014	11620	502	Northern Colo.	-	Totals	-	-	-	-	53	0.242	0.321	0.325	1,693	180	409	66	20	551	12	165	152	53	13	39	368	39	31	35	 
2014	11620	502	Northern Colo.	-	Opponent Totals	-	-	-	-	53	0.343	0.429	0.476	1,803	425	618	111	20	859	30	395	232	64	30	38	259	48	109	24	 
2014	11620	503	Northern Ill.	-	Totals	-	-	-	-	54	0.219	0.307	0.285	1,761	191	386	53	9	502	15	163	189	39	10	25	391	41	47	29	 
2014	11620	503	Northern Ill.	-	Opponent Totals	-	-	-	-	54	0.260	0.369	0.353	1,739	278	452	74	20	614	16	251	239	75	21	39	305	44	59	18	 
2014	11620	505	Northern Ky.	-	Totals	-	-	-	-	51	0.273	0.340	0.396	1,783	251	487	104	8	706	33	232	133	54	15	35	329	46	37	21	 
2014	11620	505	Northern Ky.	-	Opponent Totals	-	-	-	-	51	0.330	0.421	0.508	1,861	428	614	137	15	946	55	395	252	59	26	33	259	39	63	26	 
2014	11620	509	Northwestern	-	Totals	-	-	-	-	52	0.276	0.343	0.349	1,779	232	491	80	7	621	12	208	151	41	21	51	311	45	36	23	 
2014	11620	509	Northwestern	-	Opponent Totals	-	-	-	-	52	0.285	0.375	0.370	1,798	321	512	68	14	665	19	279	232	46	29	47	276	45	64	30	 
2014	11620	508	Northwestern St.	-	Totals	-	-	-	-	59	0.266	0.355	0.341	1,968	287	524	73	13	671	16	240	192	92	26	75	304	48	68	31	 
2014	11620	508	Northwestern St.	-	Opponent Totals	-	-	-	-	59	0.281	0.358	0.382	2,060	322	578	107	10	786	27	297	197	67	27	54	354	51	55	27	 
2014	11620	513	Notre Dame	-	Totals	-	-	-	-	53	0.245	0.323	0.328	1,754	202	429	78	18	576	11	173	167	46	22	35	365	33	52	32	 
2014	11620	513	Notre Dame	-	Opponent Totals	-	-	-	-	53	0.243	0.331	0.315	1,764	220	429	73	15	556	8	203	206	38	23	48	313	58	28	17	 
2014	11620	514	Oakland	-	Totals	-	-	-	-	45	0.270	0.362	0.339	1,535	218	415	55	9	521	11	197	190	39	17	30	297	34	39	23	 
2014	11620	514	Oakland	-	Opponent Totals	-	-	-	-	45	0.294	0.401	0.412	1,509	326	444	76	13	621	25	269	210	81	31	37	292	26	88	20	 
2014	11620	519	Ohio	-	Totals	-	-	-	-	51	0.257	0.329	0.316	1,734	192	445	68	7	548	7	172	138	55	11	44	285	35	30	24	 
2014	11620	519	Ohio	-	Opponent Totals	-	-	-	-	51	0.305	0.391	0.452	1,809	389	551	120	19	817	36	362	215	57	23	31	276	47	68	11	 
2014	11620	518	Ohio St.	-	Totals	-	-	-	-	58	0.267	0.349	0.363	1,929	278	516	88	14	701	23	243	198	56	26	35	349	58	40	29	 
2014	11620	518	Ohio St.	-	Opponent Totals	-	-	-	-	58	0.267	0.336	0.344	1,982	253	529	76	10	682	19	230	166	53	23	52	366	39	56	21	 
2014	11620	522	Oklahoma	-	Totals	-	-	-	-	58	0.287	0.362	0.401	2,024	328	580	97	22	811	30	292	211	45	31	25	282	72	47	20	 
2014	11620	522	Oklahoma	-	Opponent Totals	-	-	-	-	58	0.275	0.361	0.372	2,037	323	560	85	10	758	31	284	216	75	28	41	444	44	44	24	 
2014	11620	521	Oklahoma St.	-	Totals	-	-	-	-	66	0.275	0.385	0.401	2,209	400	608	96	11	885	53	359	324	85	26	88	465	43	76	22	 
2014	11620	521	Oklahoma St.	-	Opponent Totals	-	-	-	-	66	0.252	0.337	0.313	2,247	275	566	76	7	704	16	243	242	54	18	56	479	48	50	26	 
2014	11620	523	Old Dominion	-	Totals	-	-	-	-	62	0.280	0.360	0.367	2,175	344	609	111	14	799	17	304	214	72	23	44	370	45	62	19	 
2014	11620	523	Old Dominion	-	Opponent Totals	-	-	-	-	62	0.262	0.327	0.349	2,138	241	560	111	8	747	20	226	171	42	14	42	399	68	39	20	 
2014	11620	433	Ole Miss	-	Totals	-	-	-	-	69	0.297	0.367	0.411	2,425	406	720	121	15	997	42	366	226	66	37	39	398	52	91	33	 
2014	11620	433	Ole Miss	-	Opponent Totals	-	-	-	-	69	0.245	0.313	0.316	2,331	232	572	89	5	737	22	211	190	50	26	64	503	61	49	15	 
2014	11620	464	Omaha	-	Totals	-	-	-	-	51	0.280	0.359	0.376	1,641	272	460	77	10	617	20	255	171	40	17	45	283	41	63	18	 
2014	11620	464	Omaha	-	Opponent Totals	-	-	-	-	51	0.267	0.340	0.354	1,688	220	450	86	8	597	15	199	158	38	14	24	286	20	50	13	 
2014	11620	527	Oral Roberts	-	Totals	-	-	-	-	56	0.268	0.340	0.352	1,891	266	506	85	9	666	19	240	177	41	21	62	353	36	32	16	 
2014	11620	527	Oral Roberts	-	Opponent Totals	-	-	-	-	56	0.254	0.339	0.325	1,861	233	472	70	10	604	14	206	202	46	14	45	382	53	50	18	 
2014	11620	529	Oregon	-	Totals	-	-	-	-	64	0.260	0.361	0.385	2,063	368	537	110	27	794	31	311	238	101	22	87	492	41	75	32	 
2014	11620	529	Oregon	-	Opponent Totals	-	-	-	-	64	0.236	0.321	0.313	2,073	230	490	92	9	648	16	218	192	79	28	58	495	53	32	28	 
2014	11620	528	Oregon St.	-	Totals	-	-	-	-	59	0.274	0.380	0.373	1,947	333	533	91	20	727	21	307	293	58	29	52	364	47	53	16	 
2014	11620	528	Oregon St.	-	Opponent Totals	-	-	-	-	59	0.213	0.298	0.272	1,868	166	397	61	12	509	9	144	172	60	14	54	379	51	19	23	 
2014	11620	534	Pacific	-	Totals	-	-	-	-	53	0.271	0.342	0.372	1,790	256	485	85	24	666	16	227	161	42	20	41	289	46	41	21	 
2014	11620	534	Pacific	-	Opponent Totals	-	-	-	-	53	0.261	0.354	0.364	1,784	259	465	100	14	650	19	235	206	60	17	48	326	32	58	23	 
2014	11620	540	Penn	-	Totals	-	-	-	-	36	0.280	0.368	0.432	1,178	212	330	71	6	509	32	191	122	49	14	19	242	21	30	11	 
2014	11620	540	Penn	-	Opponent Totals	-	-	-	-	36	0.255	0.343	0.349	1,133	149	289	55	3	395	15	140	113	42	6	25	253	23	19	12	 
2014	11620	539	Penn St.	-	Totals	-	-	-	-	50	0.252	0.338	0.306	1,634	200	412	59	7	500	5	170	184	40	22	42	316	30	50	24	 
2014	11620	539	Penn St.	-	Opponent Totals	-	-	-	-	50	0.292	0.357	0.400	1,694	304	495	85	11	677	25	266	141	48	31	25	240	37	83	18	 
2014	11620	541	Pepperdine	-	Totals	-	-	-	-	61	0.281	0.343	0.396	2,076	328	583	103	14	822	36	298	166	49	33	51	372	20	35	14	 
2014	11620	541	Pepperdine	-	Opponent Totals	-	-	-	-	61	0.237	0.318	0.296	1,974	188	467	54	9	584	15	165	193	51	21	52	401	45	32	19	 
2014	11620	545	Pittsburgh	-	Totals	-	-	-	-	52	0.237	0.336	0.321	1,728	244	410	74	10	555	17	214	208	60	23	39	384	31	43	18	 
2014	11620	545	Pittsburgh	-	Opponent Totals	-	-	-	-	52	0.277	0.359	0.362	1,811	269	502	93	9	655	14	227	170	67	13	40	359	29	45	25	 
2014	11620	551	Portland	-	Totals	-	-	-	-	51	0.219	0.292	0.288	1,664	161	364	67	8	480	11	143	136	45	21	37	392	39	20	13	 
2014	11620	551	Portland	-	Opponent Totals	-	-	-	-	51	0.306	0.380	0.419	1,746	298	534	121	20	731	12	267	157	68	24	51	278	43	48	26	 
2014	11620	553	Prairie View	-	Totals	-	-	-	-	49	0.272	0.365	0.395	1,623	262	442	90	14	641	27	244	182	65	16	29	317	32	43	15	 
2014	11620	553	Prairie View	-	Opponent Totals	-	-	-	-	49	0.290	0.389	0.394	1,615	325	468	85	9	637	22	301	226	50	24	36	273	31	65	22	 
2014	11620	1320	Presbyterian	-	Totals	-	-	-	-	50	0.244	0.311	0.300	1,705	207	416	55	4	512	11	174	133	40	15	43	272	29	36	18	 
2014	11620	1320	Presbyterian	-	Opponent Totals	-	-	-	-	50	0.291	0.373	0.403	1,730	308	504	93	8	697	28	268	179	59	22	33	270	32	70	23	 
2014	11620	554	Princeton	-	Totals	-	-	-	-	40	0.250	0.320	0.328	1,323	146	331	49	9	434	12	133	110	30	8	6	319	25	22	6	 
2014	11620	554	Princeton	-	Opponent Totals	-	-	-	-	40	0.276	0.382	0.387	1,253	230	346	65	13	485	16	194	170	57	19	30	249	31	82	13	 
2014	11620	559	Purdue	-	Totals	-	-	-	-	50	0.235	0.316	0.305	1,713	169	403	69	3	523	15	145	153	54	11	28	325	50	44	13	 
2014	11620	559	Purdue	-	Opponent Totals	-	-	-	-	50	0.316	0.406	0.411	1,768	340	559	98	12	726	15	314	226	56	23	36	243	53	32	30	 
2014	11620	562	Quinnipiac	-	Totals	-	-	-	-	49	0.247	0.332	0.341	1,574	201	388	75	13	537	16	177	151	58	16	31	293	35	47	21	 
2014	11620	562	Quinnipiac	-	Opponent Totals	-	-	-	-	49	0.281	0.381	0.379	1,566	277	440	83	8	593	18	251	211	62	32	39	211	31	70	21	 
2014	11620	563	Radford	-	Totals	-	-	-	-	56	0.277	0.389	0.370	1,900	349	526	93	9	703	22	307	259	109	32	50	376	50	82	29	 
2014	11620	563	Radford	-	Opponent Totals	-	-	-	-	56	0.270	0.356	0.372	1,934	281	523	97	14	720	24	247	207	60	15	42	422	40	72	23	 
2014	11620	572	Rhode Island	-	Totals	-	-	-	-	53	0.233	0.316	0.303	1,735	196	405	77	14	525	5	179	161	60	25	58	301	30	52	20	 
2014	11620	572	Rhode Island	-	Opponent Totals	-	-	-	-	53	0.266	0.358	0.361	1,764	296	469	89	27	636	8	255	188	79	22	51	328	35	63	30	 
2014	11620	574	Rice	-	Totals	-	-	-	-	62	0.293	0.363	0.385	2,156	344	631	102	13	831	24	315	212	45	32	69	339	54	33	25	 
2014	11620	574	Rice	-	Opponent Totals	-	-	-	-	62	0.234	0.312	0.296	2,104	196	493	68	8	622	15	172	192	51	13	49	478	47	41	15	 
2014	11620	575	Richmond	-	Totals	-	-	-	-	53	0.264	0.343	0.390	1,802	279	475	98	11	703	36	259	192	35	17	42	368	34	36	16	 
2014	11620	575	Richmond	-	Opponent Totals	-	-	-	-	53	0.291	0.372	0.424	1,870	328	545	110	16	792	35	300	182	68	19	43	351	42	65	16	 
2014	11620	576	Rider	-	Totals	-	-	-	-	49	0.243	0.332	0.308	1,609	224	391	61	8	495	9	185	167	57	17	25	306	48	99	24	 
2014	11620	576	Rider	-	Opponent Totals	-	-	-	-	49	0.268	0.365	0.362	1,598	285	429	77	12	578	16	244	207	49	22	35	277	34	60	22	 
2014	11620	587	Rutgers	-	Totals	-	-	-	-	55	0.283	0.365	0.380	1,823	304	516	86	24	692	14	269	209	49	39	23	339	48	59	36	 
2014	11620	587	Rutgers	-	Opponent Totals	-	-	-	-	55	0.269	0.368	0.366	1,845	295	496	101	15	675	16	257	219	82	21	36	281	43	105	15	 
2014	11620	660	SIUE	-	Totals	-	-	-	-	54	0.277	0.365	0.389	1,898	284	525	104	13	739	28	250	225	50	20	23	378	52	57	28	 
2014	11620	660	SIUE	-	Opponent Totals	-	-	-	-	54	0.298	0.384	0.422	1,870	373	557	105	13	790	34	337	196	79	22	32	309	51	89	28	 
2014	11620	102	Sacramento St.	-	Totals	-	-	-	-	64	0.282	0.355	0.384	2,163	339	611	106	6	831	34	303	220	45	38	45	291	66	62	28	 
2014	11620	102	Sacramento St.	-	Opponent Totals	-	-	-	-	64	0.240	0.320	0.322	2,110	242	507	85	5	680	26	224	209	51	30	44	333	44	117	22	 
2014	11620	590	Sacred Heart	-	Totals	-	-	-	-	57	0.266	0.339	0.342	1,818	260	483	72	17	622	11	227	174	39	20	43	362	37	78	36	 
2014	11620	590	Sacred Heart	-	Opponent Totals	-	-	-	-	57	0.257	0.331	0.320	1,783	231	458	64	8	571	11	205	153	55	23	40	284	31	69	28	 
2014	11620	606	Saint Joseph's	-	Totals	-	-	-	-	51	0.295	0.383	0.427	1,823	350	537	99	20	778	34	310	210	69	29	11	352	44	46	8	 
2014	11620	606	Saint Joseph's	-	Opponent Totals	-	-	-	-	51	0.236	0.329	0.316	1,666	222	394	70	12	527	13	194	179	58	15	37	353	59	23	17	 
2014	11620	609	Saint Louis	-	Totals	-	-	-	-	56	0.275	0.360	0.390	1,953	305	538	103	12	761	32	279	213	56	19	33	309	50	74	34	 
2014	11620	609	Saint Louis	-	Opponent Totals	-	-	-	-	56	0.257	0.334	0.334	1,915	251	492	81	6	639	18	224	197	41	31	55	355	36	58	19	 
2014	11620	617	Saint Peter's	-	Totals	-	-	-	-	52	0.258	0.329	0.333	1,702	207	439	66	7	567	16	190	160	28	16	9	335	36	16	13	 
2014	11620	617	Saint Peter's	-	Opponent Totals	-	-	-	-	52	0.337	0.427	0.472	1,704	404	575	113	22	804	24	358	221	66	29	39	265	31	79	29	 
2014	11620	624	Sam Houston St.	-	Totals	-	-	-	-	62	0.282	0.362	0.390	2,163	352	610	99	13	843	36	323	225	62	28	45	372	44	54	12	 
2014	11620	624	Sam Houston St.	-	Opponent Totals	-	-	-	-	62	0.239	0.322	0.295	2,088	221	500	63	4	616	15	197	208	54	15	53	365	57	54	26	 
2014	11620	625	Samford	-	Totals	-	-	-	-	60	0.280	0.363	0.431	2,102	401	588	120	14	907	57	356	226	61	24	13	448	55	35	25	 
2014	11620	625	Samford	-	Opponent Totals	-	-	-	-	60	0.270	0.370	0.385	2,085	375	563	85	13	803	43	342	265	77	20	28	445	58	52	20	 
2014	11620	627	San Diego	-	Totals	-	-	-	-	54	0.315	0.396	0.453	1,934	380	609	121	15	877	39	348	205	71	27	25	267	49	46	22	 
2014	11620	627	San Diego	-	Opponent Totals	-	-	-	-	54	0.256	0.343	0.319	1,842	249	472	64	3	587	15	202	189	62	16	40	397	49	43	19	 
2014	11620	626	San Diego St.	-	Totals	-	-	-	-	63	0.287	0.367	0.391	2,115	359	608	109	18	828	25	312	217	66	32	37	318	48	77	31	 
2014	11620	626	San Diego St.	-	Opponent Totals	-	-	-	-	63	0.268	0.347	0.358	2,110	269	566	89	17	755	22	242	212	53	17	47	416	49	25	25	 
2014	11620	629	San Francisco	-	Totals	-	-	-	-	54	0.271	0.341	0.371	1,874	259	508	110	12	696	18	230	167	46	26	34	344	31	49	23	 
2014	11620	629	San Francisco	-	Opponent Totals	-	-	-	-	54	0.283	0.355	0.384	1,885	283	533	106	6	723	24	266	159	64	22	57	343	31	62	11	 
2014	11620	630	San Jose St.	-	Totals	-	-	-	-	57	0.263	0.337	0.333	1,953	235	514	88	9	650	10	216	154	76	23	63	319	40	35	29	 
2014	11620	630	San Jose St.	-	Opponent Totals	-	-	-	-	57	0.336	0.391	0.457	2,042	371	686	122	22	933	27	343	163	40	31	68	238	41	35	31	 
2014	11620	631	Santa Clara	-	Totals	-	-	-	-	56	0.263	0.348	0.364	1,875	268	493	106	12	683	20	237	196	61	22	43	412	43	52	39	 
2014	11620	631	Santa Clara	-	Opponent Totals	-	-	-	-	56	0.287	0.353	0.388	1,943	305	557	114	11	753	20	270	162	56	35	50	317	39	58	21	 
2014	11620	632	Savannah St.	-	Totals	-	-	-	-	53	0.281	0.359	0.364	1,730	276	486	71	9	629	18	241	150	68	12	31	310	52	50	25	 
2014	11620	632	Savannah St.	-	Opponent Totals	-	-	-	-	53	0.305	0.385	0.404	1,734	328	529	84	18	700	17	290	186	52	22	30	254	48	74	20	 
2014	11620	1356	Seattle	-	Totals	-	-	-	-	53	0.279	0.365	0.361	1,788	242	498	84	8	646	16	231	201	54	22	41	305	44	45	19	 
2014	11620	1356	Seattle	-	Opponent Totals	-	-	-	-	53	0.279	0.350	0.360	1,813	276	505	83	11	652	14	239	153	58	21	46	353	51	42	17	 
2014	11620	635	Seton Hall	-	Totals	-	-	-	-	53	0.300	0.386	0.405	1,799	356	539	91	19	728	20	316	196	76	28	53	292	44	111	30	 
2014	11620	635	Seton Hall	-	Opponent Totals	-	-	-	-	53	0.233	0.303	0.303	1,719	179	401	64	8	520	13	159	136	45	19	41	361	38	29	13	 
2014	11620	639	Siena	-	Totals	-	-	-	-	60	0.262	0.356	0.322	1,902	275	499	76	4	613	10	234	223	71	30	60	345	39	61	24	 
2014	11620	639	Siena	-	Opponent Totals	-	-	-	-	60	0.303	0.395	0.405	1,939	347	587	94	16	785	24	297	217	90	20	53	304	67	96	26	 
2014	11620	646	South Ala.	-	Totals	-	-	-	-	54	0.253	0.329	0.310	1,844	221	466	75	5	572	7	197	177	42	19	51	321	48	19	20	 
2014	11620	646	South Ala.	-	Opponent Totals	-	-	-	-	54	0.266	0.356	0.380	1,848	297	491	103	8	703	31	267	227	42	20	48	392	39	56	17	 
2014	11620	648	South Carolina	-	Totals	-	-	-	-	62	0.281	0.361	0.373	2,097	330	589	90	5	782	31	299	242	38	28	42	345	53	47	18	 
2014	11620	648	South Carolina	-	Opponent Totals	-	-	-	-	62	0.229	0.293	0.287	2,048	183	468	51	3	588	21	168	156	36	10	45	473	47	40	17	 
2014	11620	649	South Dakota St.	-	Totals	-	-	-	-	57	0.270	0.353	0.353	1,874	272	506	95	6	661	16	233	212	40	24	58	375	43	55	19	 
2014	11620	649	South Dakota St.	-	Opponent Totals	-	-	-	-	57	0.267	0.348	0.336	1,821	231	486	66	7	611	15	207	178	57	16	57	351	43	50	31	 
2014	11620	651	South Fla.	-	Totals	-	-	-	-	58	0.258	0.350	0.321	1,916	266	494	68	13	615	9	233	211	72	24	41	376	53	31	12	 
2014	11620	651	South Fla.	-	Opponent Totals	-	-	-	-	58	0.262	0.350	0.338	1,921	249	503	77	15	649	13	228	206	68	25	42	351	54	53	29	 
2014	11620	654	Southeast Mo. St.	-	Totals	-	-	-	-	57	0.306	0.389	0.422	2,008	408	615	101	18	848	32	367	246	56	47	45	344	44	97	24	 
2014	11620	654	Southeast Mo. St.	-	Opponent Totals	-	-	-	-	57	0.273	0.365	0.399	1,965	333	537	113	13	784	36	300	225	74	29	24	386	63	54	23	 
2014	11620	655	Southeastern La.	-	Totals	-	-	-	-	62	0.290	0.384	0.362	2,068	351	600	91	5	749	16	312	235	101	32	41	327	45	79	46	 
2014	11620	655	Southeastern La.	-	Opponent Totals	-	-	-	-	62	0.255	0.320	0.340	2,088	236	533	81	15	710	22	192	165	43	18	44	412	40	49	22	 
2014	11620	657	Southern California	-	Totals	-	-	-	-	53	0.264	0.337	0.333	1,795	236	474	83	8	597	8	222	156	54	26	76	300	42	39	27	 
2014	11620	657	Southern California	-	Opponent Totals	-	-	-	-	53	0.255	0.355	0.318	1,796	229	458	65	11	572	9	213	223	67	20	78	375	48	26	25	 
2014	11620	659	Southern Ill.	-	Totals	-	-	-	-	57	0.253	0.343	0.339	1,989	247	504	91	11	674	19	218	241	42	22	37	366	52	35	14	 
2014	11620	659	Southern Ill.	-	Opponent Totals	-	-	-	-	57	0.239	0.341	0.333	1,938	249	463	70	8	645	32	227	256	53	16	36	376	54	65	27	 
2014	11620	664	Southern Miss.	-	Totals	-	-	-	-	60	0.246	0.332	0.329	2,018	273	496	83	5	664	25	250	200	71	19	40	413	48	25	17	 
2014	11620	664	Southern Miss.	-	Opponent Totals	-	-	-	-	60	0.251	0.338	0.314	2,035	263	511	73	5	639	15	223	212	68	24	52	470	58	55	28	 
2014	11620	665	Southern U.	-	Totals	-	-	-	-	36	0.275	0.351	0.391	1,259	186	346	58	14	492	20	164	122	35	19	28	236	26	36	17	 
2014	11620	665	Southern U.	-	Opponent Totals	-	-	-	-	36	0.311	0.420	0.430	1,285	300	400	86	14	553	13	265	205	48	17	49	201	26	89	22	 
2014	11620	596	St. Bonaventure	-	Totals	-	-	-	-	41	0.263	0.350	0.363	1,394	191	367	67	12	506	16	178	148	45	14	38	305	23	44	15	 
2014	11620	596	St. Bonaventure	-	Opponent Totals	-	-	-	-	41	0.296	0.382	0.418	1,410	275	418	84	20	590	16	248	150	61	26	29	196	22	61	21	 
2014	11620	603	St. John's (NY)	-	Totals	-	-	-	-	55	0.296	0.393	0.387	1,851	352	547	81	14	716	20	309	242	71	23	57	286	51	48	18	 
2014	11620	603	St. John's (NY)	-	Opponent Totals	-	-	-	-	55	0.264	0.356	0.353	1,844	282	486	84	15	651	17	235	230	46	21	35	406	38	42	26	 
2014	11620	610	St. Mary's (CA)	-	Totals	-	-	-	-	55	0.264	0.337	0.337	1,802	227	475	67	16	607	11	194	177	32	20	49	380	47	61	33	 
2014	11620	610	St. Mary's (CA)	-	Opponent Totals	-	-	-	-	55	0.274	0.364	0.390	1,822	315	499	106	15	710	25	282	242	30	25	55	332	28	44	21	 
2014	11620	674	Stanford	-	Totals	-	-	-	-	61	0.271	0.346	0.388	2,049	292	555	94	19	795	36	272	195	56	29	72	363	52	32	20	 
2014	11620	674	Stanford	-	Opponent Totals	-	-	-	-	61	0.241	0.341	0.325	2,019	268	487	88	12	656	19	238	267	47	16	57	370	47	56	24	 
2014	11620	676	Stephen F. Austin	-	Totals	-	-	-	-	55	0.262	0.349	0.356	1,890	271	495	90	11	673	22	247	217	48	25	37	367	40	38	36	 
2014	11620	676	Stephen F. Austin	-	Opponent Totals	-	-	-	-	55	0.296	0.372	0.393	1,987	360	589	93	16	780	22	320	196	59	26	43	313	29	83	23	 
2014	11620	678	Stetson	-	Totals	-	-	-	-	60	0.274	0.347	0.366	2,024	279	554	116	10	741	17	248	178	62	21	48	363	55	37	15	 
2014	11620	678	Stetson	-	Opponent Totals	-	-	-	-	60	17.245	21.340	23.469	2,061	344	602	100	9	822	34	308	182	59	31	54	368	43	59	29	 
2014	11620	683	Stony Brook	-	Totals	-	-	-	-	53	0.282	0.371	0.365	1,783	297	503	77	14	650	14	259	223	43	23	50	280	46	70	15	 
2014	11620	683	Stony Brook	-	Opponent Totals	-	-	-	-	53	0.237	0.331	0.300	1,708	190	405	70	5	512	9	178	199	48	17	34	349	36	58	28	 
2014	11620	698	TCU	-	Totals	-	-	-	-	66	0.278	0.368	0.352	2,260	333	628	101	12	795	14	291	262	75	27	63	353	56	92	39	 
2014	11620	698	TCU	-	Opponent Totals	-	-	-	-	66	0.217	0.277	0.289	2,220	179	482	88	10	641	17	156	151	38	10	43	574	60	31	17	 
2014	11620	690	Temple	-	Totals	-	-	-	-	47	0.252	0.331	0.336	1,588	201	400	72	13	534	12	179	146	53	22	32	357	42	52	16	 
2014	11620	690	Temple	-	Opponent Totals	-	-	-	-	47	0.284	0.376	0.351	1,628	294	462	72	5	571	9	261	164	94	29	42	253	26	100	28	 
2014	11620	694	Tennessee	-	Totals	-	-	-	-	54	0.275	0.363	0.372	1,828	306	503	82	16	680	21	269	217	48	24	54	349	38	93	28	 
2014	11620	694	Tennessee	-	Opponent Totals	-	-	-	-	54	0.242	0.334	0.354	1,814	240	439	93	12	643	29	216	209	51	17	44	373	39	31	24	 
2014	11620	692	Tennessee Tech	-	Totals	-	-	-	-	59	0.309	0.409	0.495	2,117	488	655	121	11	1,047	83	450	312	70	35	27	372	47	45	13	 
2014	11620	692	Tennessee Tech	-	Opponent Totals	-	-	-	-	59	0.277	0.359	0.384	2,010	290	556	97	13	772	31	259	207	65	22	46	447	44	41	34	 
2014	11620	536	Tex.-Pan American	-	Totals	-	-	-	-	57	0.247	0.351	0.327	1,832	254	453	74	12	599	16	227	239	63	19	42	369	42	54	31	 
2014	11620	536	Tex.-Pan American	-	Opponent Totals	-	-	-	-	57	0.255	0.347	0.329	1,884	268	480	82	11	620	12	230	213	62	19	39	283	37	55	21	 
2014	11620	703	Texas	-	Totals	-	-	-	-	67	0.263	0.356	0.353	2,182	299	573	96	18	771	22	266	288	42	22	104	367	42	75	15	 
2014	11620	703	Texas	-	Opponent Totals	-	-	-	-	67	0.227	0.310	0.272	2,164	187	492	65	7	589	6	154	220	43	10	62	384	71	38	19	 
2014	11620	697	Texas A&M	-	Totals	-	-	-	-	62	0.286	0.362	0.379	2,123	329	607	98	12	804	25	297	223	46	28	39	318	58	64	24	 
2014	11620	697	Texas A&M	-	Opponent Totals	-	-	-	-	62	0.264	0.335	0.337	2,104	253	555	79	11	710	18	226	190	47	23	60	463	34	54	23	 
2014	11620	699	Texas Southern	-	Totals	-	-	-	-	52	0.250	0.336	0.327	1,690	215	422	66	10	553	15	199	162	69	22	52	327	26	79	41	 
2014	11620	699	Texas Southern	-	Opponent Totals	-	-	-	-	52	0.245	0.349	0.355	1,689	237	413	83	22	600	20	217	198	82	19	36	331	42	64	17	 
2014	11620	670	Texas St.	-	Totals	-	-	-	-	58	0.248	0.333	0.340	1,935	267	479	70	12	657	28	246	195	67	25	36	411	47	52	11	 
2014	11620	670	Texas St.	-	Opponent Totals	-	-	-	-	58	0.254	0.333	0.349	1,958	264	497	88	12	684	25	230	182	56	14	52	431	40	53	33	 
2014	11620	700	Texas Tech	-	Totals	-	-	-	-	66	0.285	0.375	0.406	2,202	387	627	125	26	894	30	349	260	75	31	48	365	67	30	8	 
2014	11620	700	Texas Tech	-	Opponent Totals	-	-	-	-	66	0.248	0.328	0.322	2,160	228	535	93	7	696	18	202	197	71	18	47	425	65	66	23	 
2014	11620	702	Texas-Arlington	-	Totals	-	-	-	-	59	0.296	0.384	0.433	2,109	365	625	125	10	914	48	337	246	71	26	32	352	36	26	22	 
2014	11620	702	Texas-Arlington	-	Opponent Totals	-	-	-	-	59	0.277	0.358	0.372	2,054	313	569	84	11	765	30	286	215	58	26	43	375	60	53	22	 
2014	11620	709	Toledo	-	Totals	-	-	-	-	54	0.246	0.318	0.318	1,832	226	450	61	9	583	18	203	153	47	14	31	315	41	52	21	 
2014	11620	709	Toledo	-	Opponent Totals	-	-	-	-	54	0.263	0.354	0.361	1,790	275	471	79	8	647	27	245	218	44	19	39	335	43	45	38	 
2014	11620	711	Towson	-	Totals	-	-	-	-	44	0.262	0.364	0.374	1,457	229	382	74	10	545	23	213	206	36	13	33	266	41	44	23	 
2014	11620	711	Towson	-	Opponent Totals	-	-	-	-	44	0.281	0.372	0.383	1,505	257	423	79	7	576	20	233	189	43	22	26	255	29	34	13	 
2014	11620	716	Troy	-	Totals	-	-	-	-	57	0.261	0.354	0.379	1,956	293	511	98	11	742	37	270	225	61	12	50	430	39	70	20	 
2014	11620	716	Troy	-	Opponent Totals	-	-	-	-	57	0.267	0.346	0.388	1,989	318	531	111	9	771	37	283	192	56	15	43	417	32	54	13	 
2014	11620	718	Tulane	-	Totals	-	-	-	-	52	0.225	0.307	0.294	1,654	176	372	73	6	487	10	162	154	50	16	36	366	38	36	12	 
2014	11620	718	Tulane	-	Opponent Totals	-	-	-	-	52	0.272	0.335	0.355	1,737	219	473	75	9	617	17	190	139	32	13	38	353	63	25	27	 
2014	11620	9	UAB	-	Totals	-	-	-	-	56	0.260	0.358	0.312	1,858	260	484	56	5	580	10	222	220	72	20	62	387	47	45	17	 
2014	11620	9	UAB	-	Opponent Totals	-	-	-	-	56	0.240	0.323	0.306	1,880	188	451	75	10	576	10	168	178	60	17	31	409	55	59	18	 
2014	11620	32	UALR	-	Totals	-	-	-	-	54	0.257	0.351	0.369	1,830	272	471	76	10	675	36	245	212	62	16	38	445	36	87	23	 
2014	11620	32	UALR	-	Opponent Totals	-	-	-	-	54	0.254	0.350	0.356	1,830	269	464	95	6	652	27	236	216	69	23	36	368	51	66	25	 
2014	11620	108	UC Davis	-	Totals	-	-	-	-	54	0.276	0.353	0.353	1,794	228	496	75	13	633	12	207	153	66	15	55	288	48	38	22	 
2014	11620	108	UC Davis	-	Opponent Totals	-	-	-	-	54	0.259	0.356	0.349	1,715	257	444	87	11	598	15	234	215	57	26	59	281	44	73	24	 
2014	11620	109	UC Irvine	-	Totals	-	-	-	-	66	0.269	0.355	0.347	2,128	287	572	84	23	738	12	247	205	96	32	94	405	49	37	29	 
2014	11620	109	UC Irvine	-	Opponent Totals	-	-	-	-	66	15.587	19.168	20.338	2,216	224	537	102	18	705	10	203	141	39	14	51	466	47	23	22	 
2014	11620	111	UC Riverside	-	Totals	-	-	-	-	54	0.282	0.373	0.379	1,820	279	513	82	10	690	25	251	227	52	22	32	366	49	74	23	 
2014	11620	111	UC Riverside	-	Opponent Totals	-	-	-	-	54	0.297	0.368	0.377	1,834	277	544	83	13	692	13	241	164	60	31	61	301	44	35	26	 
2014	11620	104	UC Santa Barbara	-	Totals	-	-	-	-	52	0.288	0.374	0.379	1,734	292	499	93	9	658	16	258	156	98	25	69	252	46	86	26	 
2014	11620	104	UC Santa Barbara	-	Opponent Totals	-	-	-	-	52	0.260	0.340	0.326	1,743	221	454	56	13	569	11	202	167	52	18	42	350	48	39	9	 
2014	11620	128	UCF	-	Totals	-	-	-	-	59	0.271	0.358	0.373	1,996	335	541	81	7	744	36	303	214	75	34	65	378	27	68	32	 
2014	11620	128	UCF	-	Opponent Totals	-	-	-	-	59	0.246	0.336	0.318	1,969	242	484	68	6	627	21	210	226	55	28	51	378	51	41	15	 
2014	11620	110	UCLA	-	Totals	-	-	-	-	56	0.252	0.329	0.324	1,829	200	460	75	17	593	8	185	146	75	17	79	355	36	31	31	 
2014	11620	110	UCLA	-	Opponent Totals	-	-	-	-	56	0.242	0.316	0.328	1,850	220	448	72	10	606	22	197	154	51	11	76	412	39	34	22	 
2014	11620	164	UConn	-	Totals	-	-	-	-	58	0.268	0.364	0.349	2,004	286	537	82	7	699	22	253	218	93	16	35	318	57	83	37	 
2014	11620	164	UConn	-	Opponent Totals	-	-	-	-	58	0.254	0.356	0.338	1,944	243	494	91	8	658	19	208	256	63	18	52	371	51	59	31	 
2014	11620	391	UMBC	-	Totals	-	-	-	-	46	0.243	0.325	0.319	1,505	204	365	69	5	480	12	173	155	36	16	29	255	28	62	20	 
2014	11620	391	UMBC	-	Opponent Totals	-	-	-	-	46	0.306	0.377	0.418	1,581	300	484	105	3	661	22	263	123	67	18	33	227	30	59	19	 
2014	11620	393	UMES	-	Totals	-	-	-	-	48	0.265	0.347	0.337	1,539	198	408	69	7	518	9	174	182	21	17	22	356	35	40	17	 
2014	11620	393	UMES	-	Opponent Totals	-	-	-	-	48	0.316	0.412	0.448	1,581	372	499	88	17	708	29	326	210	66	25	28	185	35	85	19	 
2014	11620	368	UMass Lowell	-	Totals	-	-	-	-	42	0.264	0.345	0.344	1,366	200	361	62	7	470	11	177	117	57	11	33	273	30	66	23	 
2014	11620	368	UMass Lowell	-	Opponent Totals	-	-	-	-	42	0.271	0.350	0.390	1,363	199	369	88	10	531	18	180	127	50	20	21	182	32	41	14	 
2014	11620	456	UNC Asheville	-	Totals	-	-	-	-	53	0.250	0.329	0.338	1,814	224	454	96	9	613	15	191	183	37	12	18	383	35	17	13	 
2014	11620	456	UNC Asheville	-	Opponent Totals	-	-	-	-	53	0.289	0.389	0.400	1,762	362	510	94	8	704	28	315	209	96	30	45	298	35	72	21	 
2014	11620	459	UNC Greensboro	-	Totals	-	-	-	-	49	0.310	0.379	0.423	1,758	312	545	90	17	744	25	268	182	31	27	37	284	51	38	19	 
2014	11620	459	UNC Greensboro	-	Opponent Totals	-	-	-	-	49	0.291	0.387	0.387	1,737	331	505	90	15	673	16	290	231	61	29	28	360	38	56	20	 
2014	11620	460	UNCW	-	Totals	-	-	-	-	57	0.261	0.355	0.354	1,883	278	492	77	8	666	27	252	219	65	19	35	393	48	38	16	 
2014	11620	460	UNCW	-	Opponent Totals	-	-	-	-	57	0.265	0.363	0.347	1,906	291	505	79	7	661	21	255	209	87	7	39	390	55	63	27	 
2014	11620	465	UNLV	-	Totals	-	-	-	-	61	0.286	0.355	0.401	2,119	346	607	115	19	850	30	314	192	46	23	41	384	46	56	16	 
2014	11620	465	UNLV	-	Opponent Totals	-	-	-	-	61	0.251	0.320	0.336	2,034	248	510	85	16	684	19	211	164	51	18	47	431	51	58	14	 
2014	11620	10411	USC Upstate	-	Totals	-	-	-	-	54	0.244	0.329	0.314	1,829	218	447	77	10	574	10	191	200	40	16	38	372	48	23	10	 
2014	11620	10411	USC Upstate	-	Opponent Totals	-	-	-	-	54	0.346	0.413	0.457	1,984	396	686	107	16	906	27	357	197	53	34	42	291	41	62	32	 
2014	11620	695	UT Martin	-	Totals	-	-	-	-	51	0.226	0.310	0.307	1,674	188	378	65	4	514	21	171	161	47	8	28	442	30	53	19	 
2014	11620	695	UT Martin	-	Opponent Totals	-	-	-	-	51	0.319	0.411	0.463	1,790	389	571	135	13	828	32	346	245	58	31	24	307	47	65	30	 
2014	11620	706	UTSA	-	Totals	-	-	-	-	61	0.274	0.355	0.374	2,060	309	564	99	13	770	27	276	203	67	22	35	389	61	40	26	 
2014	11620	706	UTSA	-	Opponent Totals	-	-	-	-	61	0.266	0.333	0.333	2,093	231	557	69	8	696	18	211	185	32	16	40	435	57	22	27	 
2014	11620	732	Utah	-	Totals	-	-	-	-	52	0.233	0.319	0.301	1,724	203	401	70	9	519	10	180	176	49	16	50	389	45	53	22	 
2014	11620	732	Utah	-	Opponent Totals	-	-	-	-	52	0.290	0.358	0.400	1,815	312	527	84	17	726	27	279	164	39	21	54	332	37	46	25	 
2014	11620	30024	Utah Valley	-	Totals	-	-	-	-	58	0.259	0.339	0.371	1,964	308	509	101	13	729	31	281	186	64	24	35	441	27	26	17	 
2014	11620	30024	Utah Valley	-	Opponent Totals	-	-	-	-	58	0.293	0.374	0.376	1,962	344	574	74	12	738	22	310	222	52	31	49	246	53	89	24	 
2014	11620	740	VCU	-	Totals	-	-	-	-	57	0.292	0.373	0.369	2,016	357	589	94	14	744	11	317	191	86	27	39	274	51	59	22	 
2014	11620	740	VCU	-	Opponent Totals	-	-	-	-	57	0.259	0.352	0.320	1,939	257	503	61	4	620	16	234	218	72	25	55	368	35	55	28	 
2014	11620	741	VMI	-	Totals	-	-	-	-	48	0.247	0.330	0.325	1,593	203	394	67	12	518	11	176	156	47	14	32	353	29	72	17	 
2014	11620	741	VMI	-	Opponent Totals	-	-	-	-	48	0.253	0.347	0.336	1,608	222	407	70	8	541	16	202	202	40	19	37	361	33	29	24	 
2014	11620	735	Valparaiso	-	Totals	-	-	-	-	53	0.237	0.324	0.301	1,768	228	419	61	4	533	15	191	184	51	14	46	314	34	53	11	 
2014	11620	735	Valparaiso	-	Opponent Totals	-	-	-	-	53	0.278	0.346	0.353	1,787	250	497	75	11	630	12	229	147	49	22	44	279	55	49	16	 
2014	11620	736	Vanderbilt	-	Totals	-	-	-	-	72	0.278	0.366	0.379	2,360	403	655	145	14	894	22	351	269	80	33	66	463	47	120	45	 
2014	11620	736	Vanderbilt	-	Opponent Totals	-	-	-	-	72	0.212	0.302	0.282	2,296	252	486	66	24	648	16	224	245	61	21	43	636	54	49	18	 
2014	11620	739	Villanova	-	Totals	-	-	-	-	50	0.240	0.354	0.317	1,630	229	391	59	15	516	12	197	205	91	17	47	396	40	32	16	 
2014	11620	739	Villanova	-	Opponent Totals	-	-	-	-	50	0.296	0.381	0.391	1,694	294	501	87	15	663	15	268	179	65	17	59	314	35	62	20	 
2014	11620	746	Virginia	-	Totals	-	-	-	-	69	0.280	0.375	0.377	2,305	378	645	106	10	870	33	339	294	73	26	87	343	52	66	20	 
2014	11620	746	Virginia	-	Opponent Totals	-	-	-	-	69	0.201	0.277	0.273	2,208	186	443	70	10	602	23	172	200	41	18	47	561	51	27	22	 
2014	11620	742	Virginia Tech	-	Totals	-	-	-	-	53	0.281	0.377	0.355	1,807	268	508	78	10	642	12	243	239	49	19	50	341	35	60	20	 
2014	11620	742	Virginia Tech	-	Opponent Totals	-	-	-	-	53	0.279	0.367	0.389	1,843	316	514	91	23	717	22	295	217	53	25	39	333	44	62	18	 
2014	11620	748	Wagner	-	Totals	-	-	-	-	53	0.242	0.329	0.310	1,653	174	400	62	6	513	13	155	159	63	16	33	347	39	48	24	 
2014	11620	748	Wagner	-	Opponent Totals	-	-	-	-	53	0.282	0.361	0.385	1,705	283	480	85	17	656	19	251	157	65	19	29	241	34	72	25	 
2014	11620	749	Wake Forest	-	Totals	-	-	-	-	56	0.250	0.348	0.348	1,898	255	474	81	3	660	33	234	256	42	24	33	411	51	38	9	 
2014	11620	749	Wake Forest	-	Opponent Totals	-	-	-	-	56	0.264	0.341	0.363	1,963	271	518	99	9	713	26	231	200	40	18	28	384	58	77	18	 
2014	11620	756	Washington	-	Totals	-	-	-	-	59	0.279	0.366	0.378	1,925	324	537	93	10	728	26	298	181	97	24	88	352	40	42	19	 
2014	11620	756	Washington	-	Opponent Totals	-	-	-	-	59	0.249	0.320	0.337	1,928	208	480	90	14	649	17	186	173	35	14	53	339	64	28	18	 
2014	11620	754	Washington St.	-	Totals	-	-	-	-	54	0.261	0.336	0.336	1,794	216	469	76	12	602	11	200	149	56	9	57	333	48	47	26	 
2014	11620	754	Washington St.	-	Opponent Totals	-	-	-	-	54	0.281	0.352	0.354	1,816	271	510	63	14	643	14	247	168	45	25	54	334	58	35	26	 
2014	11620	768	West Virginia	-	Totals	-	-	-	-	54	0.287	0.358	0.380	1,883	271	540	87	8	715	24	248	170	51	20	29	315	44	80	27	 
2014	11620	768	West Virginia	-	Opponent Totals	-	-	-	-	54	0.263	0.345	0.353	1,804	230	474	80	8	636	22	212	177	57	13	47	327	47	35	9	 
2014	11620	769	Western Caro.	-	Totals	-	-	-	-	55	0.285	0.383	0.431	1,904	388	543	105	13	821	49	356	242	82	33	37	431	42	67	16	 
2014	11620	769	Western Caro.	-	Opponent Totals	-	-	-	-	55	0.264	0.358	0.371	1,918	280	507	72	11	712	37	235	241	47	17	20	440	45	37	22	 
2014	11620	771	Western Ill.	-	Totals	-	-	-	-	53	0.288	0.353	0.360	1,740	253	501	62	15	626	11	224	149	40	28	32	344	32	89	31	 
2014	11620	771	Western Ill.	-	Opponent Totals	-	-	-	-	53	0.281	0.392	0.365	1,691	311	476	89	5	617	14	265	242	77	18	46	333	39	68	19	 
2014	11620	772	Western Ky.	-	Totals	-	-	-	-	57	0.291	0.359	0.411	1,970	302	574	119	12	810	31	277	182	38	19	41	333	51	40	24	 
2014	11620	772	Western Ky.	-	Opponent Totals	-	-	-	-	57	0.267	0.369	0.365	1,881	290	503	76	13	686	27	252	263	53	22	43	389	50	45	32	 
2014	11620	774	Western Mich.	-	Totals	-	-	-	-	55	0.259	0.348	0.321	1,833	241	474	55	19	588	7	208	180	78	13	67	336	34	50	19	 
2014	11620	774	Western Mich.	-	Opponent Totals	-	-	-	-	55	0.274	0.368	0.336	1,805	253	494	66	4	607	13	225	226	55	21	43	316	39	52	30	 
2014	11620	782	Wichita St.	-	Totals	-	-	-	-	58	0.273	0.360	0.394	1,972	293	539	101	11	776	38	271	235	44	21	41	385	52	61	18	 
2014	11620	782	Wichita St.	-	Opponent Totals	-	-	-	-	58	0.256	0.327	0.339	1,964	232	502	90	10	666	18	210	172	44	14	34	374	41	26	24	 
2014	11620	786	William & Mary	-	Totals	-	-	-	-	56	0.310	0.398	0.471	2,084	452	645	149	11	981	55	401	225	96	21	32	397	49	21	12	 
2014	11620	786	William & Mary	-	Opponent Totals	-	-	-	-	56	0.277	0.346	0.391	1,998	299	553	101	10	782	36	271	169	52	17	42	367	37	26	18	 
2014	11620	792	Winthrop	-	Totals	-	-	-	-	60	0.236	0.322	0.309	1,961	217	462	77	8	606	17	186	202	52	12	51	426	56	44	25	 
2014	11620	792	Winthrop	-	Opponent Totals	-	-	-	-	60	0.268	0.331	0.340	2,038	269	547	95	7	692	12	235	160	44	24	39	337	38	85	23	 
2014	11620	2915	Wofford	-	Totals	-	-	-	-	60	0.249	0.350	0.360	1,962	316	488	89	5	707	40	267	248	74	28	31	384	50	153	38	 
2014	11620	2915	Wofford	-	Opponent Totals	-	-	-	-	60	0.272	0.366	0.391	2,083	363	567	108	8	814	41	332	254	67	25	44	496	35	77	21	 
2014	11620	810	Wright St.	-	Totals	-	-	-	-	57	0.271	0.351	0.372	2,003	321	543	117	14	745	19	283	192	66	22	44	319	45	60	22	 
2014	11620	810	Wright St.	-	Opponent Totals	-	-	-	-	57	0.255	0.354	0.350	1,961	287	500	79	18	687	24	249	229	83	23	37	392	47	76	29	 
2014	11620	812	Xavier	-	Totals	-	-	-	-	59	0.283	0.360	0.389	2,120	330	599	95	13	825	35	289	213	55	20	37	377	35	76	32	 
2014	11620	812	Xavier	-	Opponent Totals	-	-	-	-	59	0.255	0.353	0.349	1,971	307	503	89	18	688	20	276	234	78	24	47	303	44	60	34	 
2014	11620	813	Yale	-	Totals	-	-	-	-	41	0.262	0.337	0.329	1,284	177	336	57	6	423	6	153	103	49	11	30	238	30	46	18	 
2014	11620	813	Yale	-	Opponent Totals	-	-	-	-	41	0.288	0.379	0.408	1,300	247	374	74	10	531	21	223	132	66	12	25	214	29	40	18	 
2014	11620	817	Youngstown St.	-	Totals	-	-	-	-	55	0.254	0.346	0.329	1,847	254	469	66	11	608	17	222	213	60	25	22	422	55	41	18	 
2014	11620	817	Youngstown St.	-	Opponent Totals	-	-	-	-	55	0.317	0.409	0.447	1,891	413	600	104	15	845	37	372	250	66	32	31	265	38	85	24	 
