year	year_id	division_id	team_id	team_name	jersey_number	player_name	class_year	position	gp	gs	g	ba	obp	slg	ab	r	h	d	t	tb	hr	rbi	bb	hbp	sf	sh	k	dp	sb	cs	picked
2016	12360	30123	Academy of Art	-	Totals	-	-	-	-	""	0.251	0.325	0.311	181	1610	404	55	12	""	6	148	159	24	15	31	288	43	21	""	31	""
2016	12360	30123	Academy of Art	-	Opponent Totals	-	-	-	-	""	0.301	0.390	0.451	319	1629	490	90	13	""	43	292	202	54	26	35	191	38	20	""	46	""
2016	12360	929	Adams St.	-	Totals	-	-	-	-	""	0.319	0.392	0.448	341	1734	553	104	16	""	29	320	183	38	20	12	317	45	8	""	28	""
2016	12360	929	Adams St.	-	Opponent Totals	-	-	-	-	""	0.340	0.419	0.498	397	1718	584	124	14	""	40	364	212	34	15	28	308	37	29	""	60	""
2016	12360	3	Adelphi	-	Totals	-	-	-	-	""	0.277	0.349	0.360	229	1578	437	68	9	""	15	191	134	50	17	18	257	32	18	""	61	""
2016	12360	3	Adelphi	-	Opponent Totals	-	-	-	-	""	0.271	0.337	0.351	220	1582	428	78	7	""	12	182	133	34	15	19	374	28	17	""	33	""
2016	12360	10	Ala.-Huntsville	-	Totals	-	-	-	-	""	0.326	0.400	0.482	342	1687	550	88	17	""	47	305	164	66	32	30	310	39	25	""	43	""
2016	12360	10	Ala.-Huntsville	-	Opponent Totals	-	-	-	-	""	0.268	0.361	0.389	257	1624	435	93	8	""	29	229	180	66	14	34	356	36	21	""	54	""
2016	12360	13	Albany St. (GA)	-	Totals	-	-	-	-	""	0.254	0.350	0.351	244	1475	374	55	11	""	22	190	164	61	9	51	346	38	33	""	98	""
2016	12360	13	Albany St. (GA)	-	Opponent Totals	-	-	-	-	""	0.324	0.426	0.504	432	1598	518	111	19	""	46	382	248	62	37	26	249	27	16	""	118	""
2016	12360	934	Alderson Broaddus	-	Totals	-	-	-	-	""	0.304	0.385	0.409	324	1729	526	111	11	""	16	294	181	57	15	21	304	32	14	""	43	""
2016	12360	934	Alderson Broaddus	-	Opponent Totals	-	-	-	-	""	0.272	0.378	0.353	285	1635	444	70	6	""	17	245	220	67	12	27	376	47	18	""	52	""
2016	12360	22	American Int'l	-	Totals	-	-	-	-	""	0.255	0.341	0.355	211	1523	389	67	11	""	21	173	146	56	8	18	360	29	24	""	78	""
2016	12360	22	American Int'l	-	Opponent Totals	-	-	-	-	""	0.319	0.391	0.462	329	1597	510	102	24	""	26	277	156	42	15	34	197	29	32	""	85	""
2016	12360	13028	Anderson (SC)	-	Totals	-	-	-	-	""	0.287	0.376	0.421	328	1652	474	93	7	""	38	299	214	39	31	21	341	44	9	""	15	""
2016	12360	13028	Anderson (SC)	-	Opponent Totals	-	-	-	-	""	0.332	0.418	0.490	428	1718	570	113	21	""	39	379	232	42	28	30	298	41	21	""	71	""
2016	12360	25	Angelo St.	-	Totals	-	-	-	-	""	0.297	0.380	0.404	346	1905	566	103	11	""	26	293	205	64	21	65	308	53	39	""	80	""
2016	12360	25	Angelo St.	-	Opponent Totals	-	-	-	-	""	0.245	0.322	0.323	222	1836	449	93	6	""	13	187	175	42	15	38	458	43	30	""	34	""
2016	12360	30105	Ark.-Fort Smith	-	Totals	-	-	-	-	""	0.295	0.384	0.454	288	1456	430	79	16	""	40	259	175	44	15	23	264	26	14	""	56	""
2016	12360	30105	Ark.-Fort Smith	-	Opponent Totals	-	-	-	-	""	0.289	0.398	0.394	277	1419	410	72	10	""	19	229	227	44	20	23	323	33	20	""	38	""
2016	12360	8411	Ark.-Monticello	-	Totals	-	-	-	-	""	0.303	0.406	0.463	423	1907	578	116	10	""	56	382	259	83	19	36	382	34	18	""	47	""
2016	12360	8411	Ark.-Monticello	-	Opponent Totals	-	-	-	-	""	0.259	0.349	0.367	256	1756	454	66	11	""	34	220	200	55	20	40	346	58	35	""	35	""
2016	12360	947	Arkansas Tech	-	Totals	-	-	-	-	""	0.273	0.359	0.382	270	1769	483	83	7	""	32	234	188	63	24	41	318	46	17	""	62	""
2016	12360	947	Arkansas Tech	-	Opponent Totals	-	-	-	-	""	0.293	0.381	0.435	323	1811	530	89	5	""	53	295	197	77	25	41	378	36	23	""	52	""
2016	12360	33	Armstrong St.	-	Totals	-	-	-	-	""	0.282	0.372	0.405	324	1767	499	95	11	""	33	274	217	48	24	23	313	32	17	""	62	""
2016	12360	33	Armstrong St.	-	Opponent Totals	-	-	-	-	""	0.290	0.391	0.416	343	1711	496	77	8	""	41	311	259	45	31	32	444	34	21	""	101	""
2016	12360	35	Ashland	-	Totals	-	-	-	-	""	0.321	0.402	0.456	407	1859	597	102	7	""	45	366	212	57	26	30	301	53	17	""	65	""
2016	12360	35	Ashland	-	Opponent Totals	-	-	-	-	""	0.278	0.362	0.373	312	1819	506	77	10	""	25	270	205	41	12	34	445	22	19	""	40	""
2016	12360	36	Assumption	-	Totals	-	-	-	-	""	0.259	0.331	0.367	210	1476	382	62	11	""	25	197	122	48	20	16	323	27	9	""	26	""
2016	12360	36	Assumption	-	Opponent Totals	-	-	-	-	""	0.284	0.365	0.417	274	1491	423	78	20	""	27	249	183	18	17	20	285	27	17	""	70	""
2016	12360	39	Augusta	-	Totals	-	-	-	-	""	0.334	0.392	0.473	390	1863	622	130	15	""	33	344	157	40	29	35	288	44	15	""	73	""
2016	12360	39	Augusta	-	Opponent Totals	-	-	-	-	""	0.284	0.352	0.394	296	1793	510	66	7	""	39	256	165	32	18	20	356	41	27	""	35	""
2016	12360	41	Augustana (SD)	-	Totals	-	-	-	-	""	0.353	0.419	0.553	491	1871	661	137	15	""	69	426	164	64	23	11	323	34	15	""	68	""
2016	12360	41	Augustana (SD)	-	Opponent Totals	-	-	-	-	""	0.286	0.370	0.454	305	1670	477	98	11	""	54	277	178	56	19	14	387	30	13	""	40	""
2016	12360	30146	Azusa Pacific	-	Totals	-	-	-	-	""	0.289	0.367	0.461	307	1655	478	78	9	""	63	269	176	44	28	22	289	37	17	""	36	""
2016	12360	30146	Azusa Pacific	-	Opponent Totals	-	-	-	-	""	0.288	0.352	0.401	235	1651	475	67	3	""	38	211	137	36	17	41	316	48	17	""	23	""
2016	12360	49	Barry	-	Totals	-	-	-	-	""	0.327	0.423	0.502	400	1702	556	104	12	""	57	360	235	70	29	30	364	46	35	""	106	""
2016	12360	49	Barry	-	Opponent Totals	-	-	-	-	""	0.288	0.383	0.444	349	1701	490	91	14	""	49	310	226	54	27	42	364	38	23	""	75	""
2016	12360	15646	Barton	-	Totals	-	-	-	-	""	0.319	0.400	0.444	316	1562	499	90	9	""	29	281	187	44	32	30	265	31	15	""	75	""
2016	12360	15646	Barton	-	Opponent Totals	-	-	-	-	""	0.285	0.360	0.384	226	1554	443	87	8	""	17	184	137	54	18	30	296	41	22	""	64	""
2016	12360	52	Bellarmine	-	Totals	-	-	-	-	""	0.294	0.365	0.388	290	1661	489	88	11	""	15	252	166	32	21	39	244	31	18	""	41	""
2016	12360	52	Bellarmine	-	Opponent Totals	-	-	-	-	""	0.274	0.362	0.409	274	1629	447	104	5	""	35	242	182	49	12	24	350	33	13	""	27	""
2016	12360	2683	Belmont Abbey	-	Totals	-	-	-	-	""	0.304	0.401	0.490	408	1891	575	137	16	""	61	358	266	52	19	16	430	32	32	""	89	""
2016	12360	2683	Belmont Abbey	-	Opponent Totals	-	-	-	-	""	0.269	0.357	0.364	302	1869	503	73	6	""	31	259	211	57	20	35	387	51	12	""	54	""
2016	12360	54	Bemidji St.	-	Totals	-	-	-	-	""	0.312	0.386	0.434	307	1706	533	73	18	""	33	268	179	36	16	12	295	49	14	""	49	""
2016	12360	54	Bemidji St.	-	Opponent Totals	-	-	-	-	""	0.326	0.396	0.535	381	1622	528	89	11	""	76	354	170	38	28	29	263	32	21	""	58	""
2016	12360	55	Benedict	-	Totals	-	-	-	-	""	0.331	0.433	0.518	367	1300	430	83	20	""	40	322	210	48	31	12	194	17	32	""	147	""
2016	12360	55	Benedict	-	Opponent Totals	-	-	-	-	""	0.259	0.374	0.353	229	1227	318	55	9	""	14	189	181	53	15	32	252	24	21	""	77	""
2016	12360	56	Bentley	-	Totals	-	-	-	-	""	0.268	0.330	0.351	183	1416	380	66	12	""	9	161	117	20	14	25	260	27	10	""	38	""
2016	12360	56	Bentley	-	Opponent Totals	-	-	-	-	""	0.304	0.371	0.415	275	1425	433	72	15	""	19	235	136	30	22	27	242	28	19	""	78	""
2016	12360	984	Bloomfield	-	Totals	-	-	-	-	""	0.245	0.325	0.341	162	1239	303	65	12	""	10	130	114	39	9	18	291	17	36	""	100	""
2016	12360	984	Bloomfield	-	Opponent Totals	-	-	-	-	""	0.299	0.393	0.459	282	1297	388	80	23	""	27	254	157	52	14	19	180	33	17	""	75	""
2016	12360	65	Bloomsburg	-	Totals	-	-	-	-	""	0.320	0.399	0.493	325	1414	452	91	5	""	48	296	142	56	16	12	321	33	11	""	38	""
2016	12360	65	Bloomsburg	-	Opponent Totals	-	-	-	-	""	0.317	0.385	0.443	281	1401	444	79	5	""	29	248	130	41	26	14	279	24	11	""	75	""
2016	12360	985	Bluefield St.	-	Totals	-	-	-	-	""	0.239	0.324	0.294	208	1357	325	51	7	""	3	171	136	43	18	34	295	24	15	""	48	""
2016	12360	985	Bluefield St.	-	Opponent Totals	-	-	-	-	""	0.344	0.435	0.471	376	1477	508	100	17	""	18	311	211	52	32	19	252	18	25	""	106	""
2016	12360	30094	Brevard	-	Totals	-	-	-	-	""	0.302	0.369	0.402	298	1681	508	88	2	""	25	259	144	47	23	21	322	35	15	""	53	""
2016	12360	30094	Brevard	-	Opponent Totals	-	-	-	-	""	0.350	0.437	0.528	438	1744	611	133	9	""	53	405	222	66	26	31	269	39	25	""	44	""
2016	12360	74	Bridgeport	-	Totals	-	-	-	-	""	0.277	0.351	0.384	298	1778	493	100	16	""	19	258	172	37	15	35	354	42	30	""	73	""
2016	12360	74	Bridgeport	-	Opponent Totals	-	-	-	-	""	0.268	0.357	0.353	286	1764	472	78	20	""	11	241	189	69	23	27	339	35	34	""	100	""
2016	12360	91	Cal Poly Pomona	-	Totals	-	-	-	-	""	0.309	0.385	0.427	358	2068	639	118	9	""	36	327	223	55	35	42	333	49	27	""	69	""
2016	12360	91	Cal Poly Pomona	-	Opponent Totals	-	-	-	-	""	0.237	0.327	0.309	259	1962	465	80	11	""	13	222	220	50	16	60	474	54	13	""	54	""
2016	12360	92	Cal St. Dom. Hills	-	Totals	-	-	-	-	""	0.296	0.368	0.371	261	1730	512	75	12	""	10	242	160	48	20	21	258	54	13	""	31	""
2016	12360	92	Cal St. Dom. Hills	-	Opponent Totals	-	-	-	-	""	0.294	0.368	0.395	286	1721	506	87	12	""	21	257	167	49	24	37	254	45	15	""	53	""
2016	12360	98	Cal St. East Bay	-	Totals	-	-	-	-	""	0.315	0.387	0.397	354	1862	586	75	18	""	14	310	208	34	34	45	208	52	27	""	86	""
2016	12360	98	Cal St. East Bay	-	Opponent Totals	-	-	-	-	""	0.277	0.351	0.402	286	1826	506	89	14	""	37	258	172	47	21	41	265	38	21	""	25	""
2016	12360	100	Cal St. L.A.	-	Totals	-	-	-	-	""	0.259	0.341	0.329	213	1610	417	62	9	""	11	181	166	40	12	26	260	39	13	""	24	""
2016	12360	100	Cal St. L.A.	-	Opponent Totals	-	-	-	-	""	0.298	0.377	0.411	272	1588	473	86	11	""	24	240	174	40	22	41	263	44	29	""	43	""
2016	12360	30055	Cal St. Monterey Bay	-	Totals	-	-	-	-	""	0.276	0.368	0.430	369	1876	518	104	11	""	54	329	231	55	21	15	403	50	7	""	32	""
2016	12360	30055	Cal St. Monterey Bay	-	Opponent Totals	-	-	-	-	""	0.261	0.353	0.339	284	1844	482	77	9	""	16	242	228	42	17	37	354	44	13	""	48	""
2016	12360	93	Cal St. San B'dino	-	Totals	-	-	-	-	""	0.257	0.340	0.328	231	1629	418	64	5	""	14	194	173	43	21	49	321	40	25	""	52	""
2016	12360	93	Cal St. San B'dino	-	Opponent Totals	-	-	-	-	""	0.312	0.391	0.443	340	1735	541	88	17	""	35	305	203	41	31	36	262	38	12	""	56	""
2016	12360	30198	Cal St. San Marcos	-	Totals	-	-	-	-	""	0.294	0.390	0.379	281	1583	466	78	7	""	14	240	218	45	24	50	252	46	22	""	38	""
2016	12360	30198	Cal St. San Marcos	-	Opponent Totals	-	-	-	-	""	0.281	0.363	0.372	284	1603	451	70	11	""	18	239	171	44	18	44	282	48	18	""	43	""
2016	12360	995	Caldwell	-	Totals	-	-	-	-	""	0.225	0.293	0.296	120	1193	268	41	10	""	8	105	95	24	8	20	274	29	19	""	44	""
2016	12360	995	Caldwell	-	Opponent Totals	-	-	-	-	""	0.321	0.393	0.452	279	1273	408	78	15	""	20	241	133	34	22	27	189	23	25	""	99	""
2016	12360	106	California (PA)	-	Totals	-	-	-	-	""	0.291	0.388	0.441	299	1399	407	70	16	""	36	264	193	41	18	3	238	35	14	""	75	""
2016	12360	106	California (PA)	-	Opponent Totals	-	-	-	-	""	0.327	0.395	0.501	331	1496	489	104	14	""	43	306	140	37	12	24	248	24	13	""	40	""
2016	12360	30135	California Baptist	-	Totals	-	-	-	-	""	0.313	0.389	0.479	384	1861	582	117	5	""	61	345	218	32	26	61	277	43	28	""	48	""
2016	12360	30135	California Baptist	-	Opponent Totals	-	-	-	-	""	0.240	0.325	0.302	191	1776	427	50	3	""	18	161	190	40	18	37	438	54	25	""	33	""
2016	12360	996	Cameron	-	Totals	-	-	-	-	""	0.296	0.375	0.444	336	1661	492	113	6	""	40	297	177	42	16	45	351	26	21	""	46	""
2016	12360	996	Cameron	-	Opponent Totals	-	-	-	-	""	0.264	0.355	0.373	248	1626	430	88	10	""	23	220	193	45	16	31	407	34	19	""	41	""
2016	12360	1000	Carson-Newman	-	Totals	-	-	-	-	""	0.293	0.378	0.460	339	1694	497	90	14	""	55	310	175	66	19	50	338	33	28	""	59	""
2016	12360	1000	Carson-Newman	-	Opponent Totals	-	-	-	-	""	0.283	0.370	0.433	274	1681	476	95	5	""	49	248	206	34	16	27	369	44	30	""	15	""
2016	12360	1001	Catawba	-	Totals	-	-	-	-	""	0.306	0.392	0.504	453	1993	609	124	17	""	79	412	251	46	23	35	439	31	24	""	73	""
2016	12360	1001	Catawba	-	Opponent Totals	-	-	-	-	""	0.291	0.380	0.476	354	1864	543	105	7	""	75	329	200	76	18	47	407	43	28	""	43	""
2016	12360	30124	Cedarville	-	Totals	-	-	-	-	""	0.305	0.384	0.405	255	1466	447	86	14	""	11	227	163	37	19	32	236	44	12	""	40	""
2016	12360	30124	Cedarville	-	Opponent Totals	-	-	-	-	""	0.294	0.403	0.394	321	1488	437	96	16	""	7	282	224	62	18	17	312	31	19	""	50	""
2016	12360	130	Central Mo.	-	Totals	-	-	-	-	""	0.303	0.392	0.491	413	1923	583	96	25	""	72	368	228	67	23	71	321	40	39	""	100	""
2016	12360	130	Central Mo.	-	Opponent Totals	-	-	-	-	""	0.240	0.321	0.348	248	1926	462	90	4	""	37	225	188	48	10	42	481	40	9	""	32	""
2016	12360	1009	Central Okla.	-	Totals	-	-	-	-	""	0.314	0.403	0.521	442	1854	582	111	18	""	79	393	232	54	16	17	409	34	31	""	71	""
2016	12360	1009	Central Okla.	-	Opponent Totals	-	-	-	-	""	0.293	0.386	0.482	408	1856	544	94	11	""	78	360	252	38	17	30	392	27	11	""	55	""
2016	12360	1010	Central Wash.	-	Totals	-	-	-	-	""	0.312	0.379	0.442	293	1623	506	85	14	""	33	263	158	29	18	49	251	43	14	""	47	""
2016	12360	1010	Central Wash.	-	Opponent Totals	-	-	-	-	""	0.283	0.363	0.404	285	1604	454	88	11	""	28	254	164	47	18	30	301	32	16	""	36	""
2016	12360	1013	Charleston (WV)	-	Totals	-	-	-	-	""	0.265	0.351	0.327	235	1531	405	54	7	""	9	203	166	45	15	18	337	28	26	""	92	""
2016	12360	1013	Charleston (WV)	-	Opponent Totals	-	-	-	-	""	0.297	0.382	0.399	334	1607	478	94	6	""	19	285	177	63	33	21	225	27	10	""	70	""
2016	12360	21323	Chestnut Hill	-	Totals	-	-	-	-	""	0.279	0.376	0.388	288	1503	419	82	17	""	16	253	212	36	25	36	314	24	34	""	111	""
2016	12360	21323	Chestnut Hill	-	Opponent Totals	-	-	-	-	""	0.253	0.335	0.351	234	1535	389	70	19	""	14	204	145	51	15	15	323	30	18	""	67	""
2016	12360	95	Chico St.	-	Totals	-	-	-	-	""	0.311	0.396	0.414	391	1978	615	91	22	""	23	343	228	67	25	74	211	57	20	""	67	""
2016	12360	95	Chico St.	-	Opponent Totals	-	-	-	-	""	0.278	0.353	0.362	288	1979	551	78	8	""	24	253	206	35	26	31	384	45	12	""	57	""
2016	12360	8875	Chowan	-	Totals	-	-	-	-	""	0.329	0.413	0.470	358	1601	526	106	20	""	27	308	182	63	20	7	366	28	17	""	66	""
2016	12360	8875	Chowan	-	Opponent Totals	-	-	-	-	""	0.303	0.399	0.433	345	1535	465	84	10	""	32	301	220	42	27	23	288	18	10	""	95	""
2016	12360	1015	Christian Bros.	-	Totals	-	-	-	-	""	0.234	0.320	0.289	165	1378	323	49	4	""	6	134	140	39	11	30	319	38	14	""	15	""
2016	12360	1015	Christian Bros.	-	Opponent Totals	-	-	-	-	""	0.343	0.446	0.524	397	1476	506	111	17	""	41	363	226	67	24	30	229	41	31	""	83	""
2016	12360	30058	Claflin	-	Totals	-	-	-	-	""	0.291	0.397	0.405	352	1633	475	82	10	""	28	285	258	40	18	21	369	32	18	""	128	""
2016	12360	30058	Claflin	-	Opponent Totals	-	-	-	-	""	0.326	0.443	0.510	448	1669	544	111	23	""	50	408	301	72	28	25	222	36	23	""	102	""
2016	12360	143	Clarion	-	Totals	-	-	-	-	""	0.282	0.347	0.396	190	1238	349	66	6	""	21	165	97	29	5	23	270	30	18	""	29	""
2016	12360	143	Clarion	-	Opponent Totals	-	-	-	-	""	0.343	0.431	0.472	311	1274	437	93	10	""	17	279	156	52	14	18	215	27	15	""	61	""
2016	12360	144	Clark Atlanta	-	Totals	-	-	-	-	""	0.258	0.354	0.328	179	1230	317	44	5	""	11	151	142	47	12	27	228	24	15	""	66	""
2016	12360	144	Clark Atlanta	-	Opponent Totals	-	-	-	-	""	0.336	0.426	0.535	374	1326	445	108	24	""	36	319	164	64	25	26	190	22	28	""	82	""
2016	12360	1023	Coker	-	Totals	-	-	-	-	""	0.319	0.422	0.445	359	1547	493	104	5	""	27	325	211	86	30	21	330	30	31	""	89	""
2016	12360	1023	Coker	-	Opponent Totals	-	-	-	-	""	0.304	0.373	0.434	298	1564	475	90	12	""	30	265	145	40	22	30	278	33	21	""	39	""
2016	12360	11403	Colo. Christian	-	Totals	-	-	-	-	""	0.267	0.346	0.360	215	1463	390	73	11	""	14	187	129	58	16	22	283	41	12	""	14	""
2016	12360	11403	Colo. Christian	-	Opponent Totals	-	-	-	-	""	0.361	0.438	0.532	386	1564	564	113	22	""	37	348	169	66	27	25	247	33	24	""	64	""
2016	12360	11416	Colorado Mesa	-	Totals	-	-	-	-	""	0.327	0.404	0.473	365	1843	603	129	8	""	41	322	196	61	27	73	321	47	21	""	74	""
2016	12360	11416	Colorado Mesa	-	Opponent Totals	-	-	-	-	""	0.242	0.324	0.339	201	1762	427	89	6	""	23	176	168	50	13	34	447	47	15	""	20	""
2016	12360	155	Colorado Mines	-	Totals	-	-	-	-	""	0.325	0.401	0.459	326	1451	472	94	14	""	24	279	148	43	13	31	254	42	13	""	40	""
2016	12360	155	Colorado Mines	-	Opponent Totals	-	-	-	-	""	0.327	0.400	0.451	248	1458	477	69	9	""	31	215	154	32	14	34	227	43	19	""	35	""
2016	12360	2720	Colorado St.-Pueblo	-	Totals	-	-	-	-	""	0.331	0.404	0.513	320	1590	527	106	25	""	44	294	184	19	15	25	311	40	17	""	54	""
2016	12360	2720	Colorado St.-Pueblo	-	Opponent Totals	-	-	-	-	""	0.302	0.363	0.447	277	1585	479	95	16	""	34	248	132	28	17	32	318	39	17	""	38	""
2016	12360	159	Columbus St.	-	Totals	-	-	-	-	""	0.343	0.428	0.542	538	2027	696	132	12	""	82	487	268	60	36	33	349	40	19	""	88	""
2016	12360	159	Columbus St.	-	Opponent Totals	-	-	-	-	""	0.283	0.361	0.412	330	1870	529	90	7	""	46	294	188	50	18	45	389	69	11	""	36	""
2016	12360	1028	Concord	-	Totals	-	-	-	-	""	0.332	0.401	0.429	353	1663	552	82	13	""	18	316	173	34	23	29	215	33	15	""	49	""
2016	12360	1028	Concord	-	Opponent Totals	-	-	-	-	""	0.334	0.390	0.460	343	1687	564	103	20	""	23	310	117	44	11	32	226	25	15	""	36	""
2016	12360	30199	Concordia (CA)	-	Totals	-	-	-	-	""	0.258	0.344	0.341	213	1544	399	68	6	""	16	183	141	68	15	65	268	37	26	""	31	""
2016	12360	30199	Concordia (CA)	-	Opponent Totals	-	-	-	-	""	14.268	18.538	20.111	266	1595	461	86	17	""	23	237	193	46	18	54	199	42	21	""	51	""
2016	12360	162	Concordia (NY)	-	Totals	-	-	-	-	""	0.230	0.316	0.298	157	1322	304	47	14	""	5	139	132	40	13	19	326	38	16	""	33	""
2016	12360	162	Concordia (NY)	-	Opponent Totals	-	-	-	-	""	0.294	0.379	0.419	258	1355	398	69	19	""	21	238	155	40	15	30	242	29	26	""	64	""
2016	12360	30200	Concordia Portland	-	Totals	-	-	-	-	""	0.265	0.336	0.332	202	1532	406	60	9	""	8	185	130	44	18	44	305	30	13	""	28	""
2016	12360	30200	Concordia Portland	-	Opponent Totals	-	-	-	-	""	0.292	0.370	0.415	263	1543	451	91	16	""	22	240	158	43	17	22	274	30	16	""	53	""
2016	12360	9081	Concordia-St. Paul	-	Totals	-	-	-	-	""	0.298	0.375	0.480	283	1406	419	92	7	""	50	261	140	41	15	28	276	37	5	""	15	""
2016	12360	9081	Concordia-St. Paul	-	Opponent Totals	-	-	-	-	""	0.291	0.371	0.443	246	1401	408	73	7	""	42	220	148	35	11	20	293	34	17	""	30	""
2016	12360	174	Davis & Elkins	-	Totals	-	-	-	-	""	0.254	0.329	0.331	191	1446	367	65	11	""	8	168	110	60	15	34	286	19	11	""	49	""
2016	12360	174	Davis & Elkins	-	Opponent Totals	-	-	-	-	""	0.332	0.428	0.496	342	1492	495	100	26	""	31	317	202	63	19	20	211	37	25	""	59	""
2016	12360	181	Delta St.	-	Totals	-	-	-	-	""	0.345	0.424	0.514	441	1961	677	135	15	""	55	417	192	102	33	23	244	77	20	""	52	""
2016	12360	181	Delta St.	-	Opponent Totals	-	-	-	-	""	0.268	0.335	0.372	250	1891	506	65	8	""	39	228	165	32	11	29	418	49	16	""	25	""
2016	12360	30095	Dixie St.	-	Totals	-	-	-	-	""	0.332	0.409	0.461	374	1794	596	103	10	""	36	333	194	57	26	85	301	38	24	""	71	""
2016	12360	30095	Dixie St.	-	Opponent Totals	-	-	-	-	""	0.259	0.325	0.362	235	1785	463	76	4	""	33	206	140	44	19	45	339	48	20	""	46	""
2016	12360	8956	Dominican (NY)	-	Totals	-	-	-	-	""	0.262	0.341	0.366	242	1608	422	78	20	""	16	212	172	27	14	16	326	38	25	""	68	""
2016	12360	8956	Dominican (NY)	-	Opponent Totals	-	-	-	-	""	0.289	0.371	0.401	295	1618	468	88	21	""	17	253	180	41	17	33	301	35	15	""	115	""
2016	12360	2692	Dowling	-	Totals	-	-	-	-	""	0.259	0.331	0.348	255	1616	418	85	18	""	8	229	142	41	19	34	257	40	17	""	117	""
2016	12360	2692	Dowling	-	Opponent Totals	-	-	-	-	""	0.280	0.351	0.374	258	1706	477	76	23	""	13	223	131	66	17	31	350	35	24	""	96	""
2016	12360	1057	Drury	-	Totals	-	-	-	-	""	0.268	0.336	0.364	204	1554	417	78	14	""	14	173	126	44	22	29	300	29	27	""	47	""
2016	12360	1057	Drury	-	Opponent Totals	-	-	-	-	""	0.293	0.381	0.422	296	1585	464	76	9	""	37	263	175	59	11	16	280	38	26	""	55	""
2016	12360	8965	East Central	-	Totals	-	-	-	-	""	0.255	0.350	0.395	241	1505	384	75	9	""	39	221	175	50	10	38	374	28	21	""	35	""
2016	12360	8965	East Central	-	Opponent Totals	-	-	-	-	""	0.321	0.399	0.489	334	1580	507	91	14	""	49	300	165	59	26	28	246	40	21	""	56	""
2016	12360	197	East Stroudsburg	-	Totals	-	-	-	-	""	0.347	0.445	0.524	480	1783	619	116	17	""	55	450	288	60	41	3	306	35	19	""	118	""
2016	12360	197	East Stroudsburg	-	Opponent Totals	-	-	-	-	""	0.276	0.359	0.384	258	1662	458	80	10	""	27	229	180	43	10	19	407	36	18	""	27	""
2016	12360	206	Eastern N.M.	-	Totals	-	-	-	-	""	0.276	0.361	0.393	255	1559	431	85	11	""	25	230	172	40	12	34	395	32	13	""	35	""
2016	12360	206	Eastern N.M.	-	Opponent Totals	-	-	-	-	""	0.346	0.453	0.472	457	1663	575	100	19	""	24	409	278	67	25	27	320	24	17	""	110	""
2016	12360	208	Eckerd	-	Totals	-	-	-	-	""	0.296	0.363	0.402	270	1610	477	87	7	""	23	242	142	37	18	20	322	32	24	""	53	""
2016	12360	208	Eckerd	-	Opponent Totals	-	-	-	-	""	0.298	0.387	0.481	360	1597	476	99	14	""	55	307	197	49	22	34	345	29	20	""	52	""
2016	12360	9680	Embry-Riddle (FL)	-	Totals	-	-	-	-	""	0.304	0.386	0.433	369	1786	543	107	14	""	32	323	192	63	24	17	364	51	17	""	105	""
2016	12360	9680	Embry-Riddle (FL)	-	Opponent Totals	-	-	-	-	""	0.308	0.402	0.462	369	1748	538	83	17	""	51	334	221	66	15	36	281	45	25	""	69	""
2016	12360	30193	Emmanuel (GA)	-	Totals	-	-	-	-	""	0.260	0.342	0.341	210	1614	420	66	8	""	16	186	159	48	13	20	382	26	14	""	62	""
2016	12360	30193	Emmanuel (GA)	-	Opponent Totals	-	-	-	-	""	0.350	0.438	0.519	481	1748	611	110	11	""	55	437	203	86	18	22	249	35	12	""	77	""
2016	12360	1071	Emporia St.	-	Totals	-	-	-	-	""	0.329	0.411	0.517	503	2074	683	132	22	""	71	457	241	63	24	32	363	44	22	""	87	""
2016	12360	1071	Emporia St.	-	Opponent Totals	-	-	-	-	""	0.280	0.357	0.427	283	1946	544	79	11	""	62	267	185	57	14	38	453	36	13	""	71	""
2016	12360	1072	Erskine	-	Totals	-	-	-	-	""	0.341	0.391	0.488	395	1861	634	123	19	""	38	361	132	37	24	33	196	53	13	""	71	""
2016	12360	1072	Erskine	-	Opponent Totals	-	-	-	-	""	0.262	0.352	0.341	255	1736	454	80	2	""	18	229	196	52	13	30	440	27	22	""	51	""
2016	12360	1076	Fairmont St.	-	Totals	-	-	-	-	""	0.291	0.352	0.389	257	1572	458	75	6	""	22	228	112	43	15	20	274	37	15	""	54	""
2016	12360	1076	Fairmont St.	-	Opponent Totals	-	-	-	-	""	0.289	0.383	0.389	298	1557	450	89	5	""	19	274	205	43	18	30	255	28	14	""	87	""
2016	12360	23157	Felician	-	Totals	-	-	-	-	""	0.306	0.375	0.442	376	1857	568	111	29	""	28	328	171	50	25	43	358	43	25	""	66	""
2016	12360	23157	Felician	-	Opponent Totals	-	-	-	-	""	0.250	0.344	0.348	291	1803	451	80	23	""	17	241	222	43	12	25	374	47	19	""	105	""
2016	12360	1079	Findlay	-	Totals	-	-	-	-	""	0.233	0.311	0.290	154	1333	311	43	4	""	8	130	122	32	9	28	290	22	7	""	27	""
2016	12360	1079	Findlay	-	Opponent Totals	-	-	-	-	""	0.284	0.374	0.371	228	1350	383	57	8	""	15	200	169	36	18	38	328	32	19	""	45	""
2016	12360	233	Fla. Southern	-	Totals	-	-	-	-	""	0.318	0.405	0.495	396	1766	562	102	18	""	58	354	209	66	24	26	344	27	14	""	66	""
2016	12360	233	Fla. Southern	-	Opponent Totals	-	-	-	-	""	0.281	0.353	0.423	290	1746	490	81	4	""	53	258	168	33	11	20	381	27	9	""	42	""
2016	12360	30092	Flagler	-	Totals	-	-	-	-	""	0.299	0.386	0.443	336	1723	516	95	18	""	39	296	205	50	18	36	312	42	13	""	35	""
2016	12360	30092	Flagler	-	Opponent Totals	-	-	-	-	""	0.279	0.340	0.410	252	1716	479	73	8	""	45	231	131	31	9	31	443	32	12	""	47	""
2016	12360	230	Florida Tech	-	Totals	-	-	-	-	""	0.303	0.394	0.432	359	1722	522	115	10	""	29	299	216	55	22	42	356	29	24	""	116	""
2016	12360	230	Florida Tech	-	Opponent Totals	-	-	-	-	""	0.247	0.318	0.356	236	1674	413	73	13	""	28	219	147	37	20	30	439	28	14	""	43	""
2016	12360	9011	Fort Hays St.	-	Totals	-	-	-	-	""	0.309	0.391	0.452	314	1632	505	80	4	""	48	284	169	58	11	25	279	30	24	""	65	""
2016	12360	9011	Fort Hays St.	-	Opponent Totals	-	-	-	-	""	0.318	0.408	0.490	380	1604	510	102	15	""	48	331	196	60	18	33	247	46	18	""	89	""
2016	12360	1085	Francis Marion	-	Totals	-	-	-	-	""	0.302	0.388	0.393	349	1717	518	79	7	""	21	319	219	40	26	50	302	34	12	""	48	""
2016	12360	1085	Francis Marion	-	Opponent Totals	-	-	-	-	""	0.288	0.366	0.425	309	1743	502	83	15	""	42	276	188	40	22	26	410	28	24	""	41	""
2016	12360	241	Franklin Pierce	-	Totals	-	-	-	-	""	0.300	0.399	0.435	446	1945	583	90	28	""	39	378	247	93	27	30	347	32	63	""	217	""
2016	12360	241	Franklin Pierce	-	Opponent Totals	-	-	-	-	""	0.209	0.277	0.293	160	1829	383	73	10	""	20	133	130	45	10	37	490	37	16	""	39	""
2016	12360	30147	Fresno Pacific	-	Totals	-	-	-	-	""	0.265	0.350	0.348	236	1573	417	70	15	""	10	199	171	42	13	38	285	31	26	""	45	""
2016	12360	30147	Fresno Pacific	-	Opponent Totals	-	-	-	-	""	0.280	0.382	0.397	316	1556	436	68	18	""	26	277	230	50	36	37	263	36	25	""	26	""
2016	12360	1097	Ga. Southwestern	-	Totals	-	-	-	-	""	0.282	0.370	0.373	285	1687	476	97	7	""	14	250	199	46	19	11	335	43	20	""	72	""
2016	12360	1097	Ga. Southwestern	-	Opponent Totals	-	-	-	-	""	0.293	0.381	0.404	310	1681	493	92	8	""	26	273	208	41	20	37	345	39	18	""	77	""
2016	12360	246	Gannon	-	Totals	-	-	-	-	""	0.329	0.401	0.460	320	1410	464	90	16	""	21	290	142	48	29	27	262	30	17	""	71	""
2016	12360	246	Gannon	-	Opponent Totals	-	-	-	-	""	0.283	0.388	0.415	240	1321	374	62	11	""	30	223	184	56	20	22	250	38	22	""	37	""
2016	12360	1096	Georgia College	-	Totals	-	-	-	-	""	0.332	0.415	0.516	434	1838	611	93	10	""	75	397	250	31	31	21	361	34	24	""	109	""
2016	12360	1096	Georgia College	-	Opponent Totals	-	-	-	-	""	0.281	0.356	0.425	320	1751	492	78	8	""	53	297	169	50	25	25	345	46	15	""	29	""
2016	12360	1098	Glenville St.	-	Totals	-	-	-	-	""	0.247	0.341	0.333	225	1530	378	66	6	""	18	196	174	52	16	32	326	24	15	""	45	""
2016	12360	1098	Glenville St.	-	Opponent Totals	-	-	-	-	""	0.318	0.401	0.449	329	1567	498	94	8	""	32	291	192	43	25	34	192	42	21	""	68	""
2016	12360	262	Grand Valley St.	-	Totals	-	-	-	-	""	0.305	0.384	0.415	329	1820	556	90	13	""	28	304	190	51	17	55	311	30	18	""	62	""
2016	12360	262	Grand Valley St.	-	Opponent Totals	-	-	-	-	""	0.283	0.352	0.397	305	1866	529	95	18	""	27	266	156	50	19	32	324	40	17	""	31	""
2016	12360	1116	Harding	-	Totals	-	-	-	-	""	0.267	0.349	0.370	236	1660	444	77	17	""	20	203	148	68	14	43	331	41	16	""	38	""
2016	12360	1116	Harding	-	Opponent Totals	-	-	-	-	""	0.280	0.347	0.398	253	1710	478	70	9	""	38	233	129	53	12	31	329	37	14	""	37	""
2016	12360	2697	Hawaii Hilo	-	Totals	-	-	-	-	""	0.238	0.304	0.279	130	1292	307	38	5	""	2	105	103	24	10	58	238	35	23	""	29	""
2016	12360	2697	Hawaii Hilo	-	Opponent Totals	-	-	-	-	""	0.312	0.382	0.418	243	1408	439	78	12	""	16	208	124	46	18	38	215	34	21	""	40	""
2016	12360	2696	Hawaii Pacific	-	Totals	-	-	-	-	""	0.288	0.365	0.389	266	1604	462	83	17	""	15	217	155	52	24	32	260	45	22	""	59	""
2016	12360	2696	Hawaii Pacific	-	Opponent Totals	-	-	-	-	""	0.254	0.339	0.335	226	1572	399	65	10	""	14	183	175	37	19	45	284	46	22	""	47	""
2016	12360	1123	Henderson St.	-	Totals	-	-	-	-	""	0.271	0.372	0.376	284	1789	485	92	15	""	22	259	237	68	28	23	359	42	16	""	72	""
2016	12360	1123	Henderson St.	-	Opponent Totals	-	-	-	-	""	0.265	0.353	0.383	277	1843	488	93	8	""	36	258	200	62	18	26	379	28	18	""	57	""
2016	12360	280	Hillsdale	-	Totals	-	-	-	-	""	0.324	0.399	0.504	431	1922	623	106	18	""	68	375	194	62	23	14	383	25	21	""	71	""
2016	12360	280	Hillsdale	-	Opponent Totals	-	-	-	-	""	0.323	0.400	0.491	422	1829	591	120	14	""	53	370	186	66	29	43	227	28	13	""	52	""
2016	12360	30175	Holy Names	-	Totals	-	-	-	-	""	0.232	0.324	0.321	205	1590	369	65	11	""	18	181	185	38	15	20	343	47	12	""	32	""
2016	12360	30175	Holy Names	-	Opponent Totals	-	-	-	-	""	0.321	0.406	0.455	409	1700	545	105	11	""	34	359	220	42	26	47	219	27	26	""	73	""
2016	12360	30050	Ill.-Springfield	-	Totals	-	-	-	-	""	0.287	0.374	0.429	294	1586	455	90	2	""	44	266	178	53	17	24	335	36	16	""	52	""
2016	12360	30050	Ill.-Springfield	-	Opponent Totals	-	-	-	-	""	0.257	0.351	0.352	273	1558	400	69	4	""	24	232	192	43	18	29	379	24	23	""	49	""
2016	12360	307	Indiana (PA)	-	Totals	-	-	-	-	""	0.310	0.389	0.473	319	1473	456	104	25	""	29	292	163	39	17	17	313	28	7	""	16	""
2016	12360	307	Indiana (PA)	-	Opponent Totals	-	-	-	-	""	0.324	0.428	0.521	417	1511	489	94	12	""	60	369	233	62	27	10	333	20	11	""	88	""
2016	12360	332	Kentucky St.	-	Totals	-	-	-	-	""	0.278	0.391	0.387	278	1275	355	53	5	""	25	228	183	59	10	14	276	18	19	""	73	""
2016	12360	332	Kentucky St.	-	Opponent Totals	-	-	-	-	""	0.345	0.449	0.479	391	1364	471	99	7	""	23	341	198	66	9	28	218	21	20	""	41	""
2016	12360	30051	King (TN)	-	Totals	-	-	-	-	""	0.320	0.388	0.461	325	1659	531	103	8	""	38	287	147	46	13	23	261	41	21	""	58	""
2016	12360	30051	King (TN)	-	Opponent Totals	-	-	-	-	""	0.332	0.397	0.478	371	1658	550	107	24	""	29	337	147	51	29	25	266	31	22	""	71	""
2016	12360	339	Kutztown	-	Totals	-	-	-	-	""	0.244	0.328	0.340	217	1474	359	62	7	""	22	194	149	41	11	19	355	30	7	""	37	""
2016	12360	339	Kutztown	-	Opponent Totals	-	-	-	-	""	0.312	0.396	0.433	313	1489	465	93	15	""	19	279	182	37	21	32	365	28	17	""	65	""
2016	12360	333	Ky. Wesleyan	-	Totals	-	-	-	-	""	0.314	0.419	0.455	430	1668	524	108	17	""	31	397	232	97	40	14	319	47	6	""	56	""
2016	12360	333	Ky. Wesleyan	-	Opponent Totals	-	-	-	-	""	0.270	0.367	0.364	259	1614	435	76	16	""	15	233	187	69	13	25	342	42	13	""	57	""
2016	12360	362	LIU Post	-	Totals	-	-	-	-	""	0.277	0.353	0.361	233	1393	386	71	8	""	10	206	142	30	14	25	269	35	22	""	80	""
2016	12360	362	LIU Post	-	Opponent Totals	-	-	-	-	""	0.278	0.348	0.388	227	1402	390	83	16	""	13	199	116	41	11	18	257	33	21	""	62	""
2016	12360	2746	Lake Erie	-	Totals	-	-	-	-	""	0.296	0.374	0.443	260	1319	391	62	4	""	41	225	142	27	10	26	244	22	16	""	29	""
2016	12360	2746	Lake Erie	-	Opponent Totals	-	-	-	-	""	0.322	0.421	0.512	327	1331	429	77	8	""	53	299	209	33	19	21	255	27	12	""	40	""
2016	12360	1167	Lander	-	Totals	-	-	-	-	""	0.291	0.403	0.484	490	2099	611	98	12	""	94	462	315	94	20	42	541	46	11	""	43	""
2016	12360	1167	Lander	-	Opponent Totals	-	-	-	-	""	0.270	0.341	0.365	295	2116	572	76	1	""	41	262	182	52	15	38	489	42	14	""	45	""
2016	12360	347	Lane	-	Totals	-	-	-	-	""	0.243	0.348	0.346	154	948	230	41	6	""	15	130	105	53	8	8	247	12	12	""	37	""
2016	12360	347	Lane	-	Opponent Totals	-	-	-	-	""	0.403	0.509	0.607	441	1103	444	109	22	""	24	386	211	63	34	4	138	13	17	""	101	""
2016	12360	349	Le Moyne	-	Totals	-	-	-	-	""	0.269	0.347	0.373	225	1429	384	73	11	""	18	193	148	31	15	21	259	29	25	""	72	""
2016	12360	349	Le Moyne	-	Opponent Totals	-	-	-	-	""	0.233	0.321	0.316	170	1367	318	60	3	""	16	150	146	37	12	28	366	35	8	""	56	""
2016	12360	350	LeMoyne-Owen	-	Totals	-	-	-	-	""	0.226	0.295	0.307	131	1035	234	46	1	""	12	106	78	25	3	11	256	15	14	""	24	""
2016	12360	350	LeMoyne-Owen	-	Opponent Totals	-	-	-	-	""	0.367	0.484	0.549	439	1185	435	107	17	""	25	383	184	109	25	15	189	8	15	""	111	""
2016	12360	30013	Lee	-	Totals	-	-	-	-	""	0.308	0.400	0.503	333	1570	483	110	11	""	58	297	211	44	18	23	341	29	24	""	71	""
2016	12360	30013	Lee	-	Opponent Totals	-	-	-	-	""	0.261	0.352	0.384	237	1486	388	57	15	""	32	214	153	61	12	27	356	45	17	""	46	""
2016	12360	1170	Lenoir-Rhyne	-	Totals	-	-	-	-	""	0.311	0.398	0.452	396	1762	548	126	10	""	34	355	219	46	17	23	335	29	7	""	41	""
2016	12360	1170	Lenoir-Rhyne	-	Opponent Totals	-	-	-	-	""	0.268	0.358	0.381	253	1639	439	77	2	""	35	226	202	38	19	29	401	26	18	""	45	""
2016	12360	354	Lewis	-	Totals	-	-	-	-	""	0.316	0.392	0.468	317	1510	477	82	9	""	43	284	172	32	25	7	266	35	16	""	44	""
2016	12360	354	Lewis	-	Opponent Totals	-	-	-	-	""	0.293	0.376	0.400	294	1462	429	69	6	""	25	263	167	37	17	31	282	23	12	""	40	""
2016	12360	1174	Limestone	-	Totals	-	-	-	-	""	0.286	0.360	0.404	278	1607	459	74	19	""	26	254	162	35	18	27	291	42	14	""	40	""
2016	12360	1174	Limestone	-	Opponent Totals	-	-	-	-	""	0.297	0.401	0.418	374	1641	488	74	14	""	32	323	247	52	21	25	283	31	20	""	94	""
2016	12360	356	Lincoln (MO)	-	Totals	-	-	-	-	""	0.243	0.321	0.367	207	1508	366	66	11	""	33	178	145	34	9	5	417	48	21	""	47	""
2016	12360	356	Lincoln (MO)	-	Opponent Totals	-	-	-	-	""	0.407	0.509	0.687	699	1772	721	126	16	""	113	641	312	96	40	29	194	30	30	""	107	""
2016	12360	357	Lincoln (PA)	-	Totals	-	-	-	-	""	0.222	0.312	0.284	150	1040	231	37	6	""	5	122	112	28	8	7	315	13	7	""	53	""
2016	12360	357	Lincoln (PA)	-	Opponent Totals	-	-	-	-	""	0.379	0.501	0.598	428	1113	422	102	17	""	36	358	243	62	32	20	130	20	27	""	70	""
2016	12360	1176	Lincoln Memorial	-	Totals	-	-	-	-	""	0.314	0.422	0.471	444	1663	523	114	13	""	40	389	259	69	27	18	261	34	15	""	60	""
2016	12360	1176	Lincoln Memorial	-	Opponent Totals	-	-	-	-	""	0.289	0.371	0.466	326	1643	475	98	17	""	53	281	156	71	20	29	366	32	8	""	40	""
2016	12360	30136	Lindenwood (MO)	-	Totals	-	-	-	-	""	0.301	0.404	0.462	367	1692	509	95	26	""	42	331	243	70	28	26	347	42	14	""	48	""
2016	12360	30136	Lindenwood (MO)	-	Opponent Totals	-	-	-	-	""	0.270	0.372	0.400	336	1661	448	78	29	""	27	292	213	66	16	14	341	39	14	""	43	""
2016	12360	360	Lock Haven	-	Totals	-	-	-	-	""	0.290	0.381	0.395	278	1464	425	77	4	""	23	231	156	64	10	16	227	26	9	""	12	""
2016	12360	360	Lock Haven	-	Opponent Totals	-	-	-	-	""	0.303	0.368	0.429	266	1474	447	84	9	""	28	239	125	32	11	15	334	25	21	""	45	""
2016	12360	30177	Lubbock Christian	-	Totals	-	-	-	-	""	0.330	0.393	0.468	401	1931	638	127	15	""	36	367	183	32	26	25	337	59	15	""	33	""
2016	12360	30177	Lubbock Christian	-	Opponent Totals	-	-	-	-	""	0.274	0.338	0.376	253	1837	504	95	13	""	22	220	141	50	26	33	375	49	22	""	34	""
2016	12360	20794	Lynn	-	Totals	-	-	-	-	""	0.321	0.403	0.560	447	1915	615	125	12	""	103	403	224	55	23	31	443	42	11	""	43	""
2016	12360	20794	Lynn	-	Opponent Totals	-	-	-	-	""	0.314	0.402	0.475	457	1932	607	119	7	""	59	403	247	56	27	32	404	43	14	""	86	""
2016	12360	413	MSU Denver	-	Totals	-	-	-	-	""	0.292	0.361	0.453	216	1284	375	84	6	""	37	205	113	37	19	22	310	21	10	""	29	""
2016	12360	413	MSU Denver	-	Opponent Totals	-	-	-	-	""	0.298	0.376	0.456	220	1280	382	95	13	""	27	207	132	35	12	27	240	33	14	""	27	""
2016	12360	30137	Malone	-	Totals	-	-	-	-	""	0.308	0.390	0.429	290	1556	480	72	8	""	33	267	180	43	24	33	306	55	16	""	25	""
2016	12360	30137	Malone	-	Opponent Totals	-	-	-	-	""	0.290	0.359	0.459	307	1579	458	86	9	""	54	274	145	36	20	32	331	25	17	""	45	""
2016	12360	384	Mansfield	-	Totals	-	-	-	-	""	0.300	0.387	0.402	251	1325	398	62	5	""	21	221	161	35	13	12	305	36	19	""	35	""
2016	12360	384	Mansfield	-	Opponent Totals	-	-	-	-	""	0.299	0.395	0.442	322	1346	402	79	12	""	30	284	184	44	22	12	315	29	8	""	62	""
2016	12360	1199	Mars Hill	-	Totals	-	-	-	-	""	0.308	0.385	0.497	297	1487	458	98	12	""	53	269	171	31	25	22	298	33	34	""	84	""
2016	12360	1199	Mars Hill	-	Opponent Totals	-	-	-	-	""	0.302	0.375	0.462	277	1498	452	85	7	""	47	256	148	36	15	17	269	38	15	""	33	""
2016	12360	30075	Mary	-	Totals	-	-	-	-	""	0.256	0.334	0.336	164	1386	355	61	7	""	12	149	115	54	13	23	322	34	35	""	41	""
2016	12360	30075	Mary	-	Opponent Totals	-	-	-	-	""	0.313	0.401	0.500	345	1497	468	90	23	""	48	306	177	58	19	27	293	29	19	""	65	""
2016	12360	395	Maryville (MO)	-	Totals	-	-	-	-	""	0.277	0.358	0.406	256	1477	409	78	7	""	33	223	142	53	16	34	256	24	36	""	63	""
2016	12360	395	Maryville (MO)	-	Opponent Totals	-	-	-	-	""	0.314	0.374	0.463	308	1578	495	90	23	""	33	277	118	49	26	22	297	26	20	""	63	""
2016	12360	30138	McKendree	-	Totals	-	-	-	-	""	0.276	0.346	0.375	196	1416	391	52	5	""	26	171	119	39	11	31	287	35	17	""	20	""
2016	12360	30138	McKendree	-	Opponent Totals	-	-	-	-	""	0.339	0.401	0.513	312	1502	509	106	9	""	46	287	133	37	23	31	223	33	27	""	36	""
2016	12360	407	Mercy	-	Totals	-	-	-	-	""	0.251	0.322	0.354	194	1352	340	49	21	""	16	168	116	30	10	26	252	23	20	""	65	""
2016	12360	407	Mercy	-	Opponent Totals	-	-	-	-	""	0.283	0.374	0.385	222	1342	380	72	16	""	11	182	161	44	19	24	275	25	27	""	96	""
2016	12360	408	Mercyhurst	-	Totals	-	-	-	-	""	0.331	0.420	0.519	428	1733	574	123	16	""	57	389	219	71	32	28	343	26	15	""	81	""
2016	12360	408	Mercyhurst	-	Opponent Totals	-	-	-	-	""	0.215	0.303	0.290	171	1564	336	56	5	""	17	145	175	25	5	14	496	41	20	""	25	""
2016	12360	410	Merrimack	-	Totals	-	-	-	-	""	0.297	0.372	0.404	309	1679	498	98	16	""	17	270	163	51	20	15	289	35	20	""	66	""
2016	12360	410	Merrimack	-	Opponent Totals	-	-	-	-	""	0.275	0.356	0.374	263	1664	457	77	11	""	22	237	176	42	16	29	395	28	20	""	56	""
2016	12360	422	Miles	-	Totals	-	-	-	-	""	0.347	0.442	0.443	460	1550	538	97	8	""	12	402	199	86	28	30	209	35	22	""	53	""
2016	12360	422	Miles	-	Opponent Totals	-	-	-	-	""	0.304	0.386	0.421	283	1436	436	62	7	""	31	251	148	56	17	37	224	21	26	""	45	""
2016	12360	423	Millersville	-	Totals	-	-	-	-	""	0.348	0.431	0.490	512	1958	681	117	16	""	43	466	266	44	33	23	321	46	27	""	136	""
2016	12360	423	Millersville	-	Opponent Totals	-	-	-	-	""	0.234	0.299	0.312	190	1784	417	58	8	""	22	175	134	38	15	24	406	42	14	""	20	""
2016	12360	427	Minn. Duluth	-	Totals	-	-	-	-	""	0.352	0.437	0.594	496	1863	656	119	13	""	102	464	238	59	21	18	335	43	23	""	75	""
2016	12360	427	Minn. Duluth	-	Opponent Totals	-	-	-	-	""	0.273	0.374	0.417	345	1730	472	108	6	""	43	301	225	68	25	31	411	49	6	""	28	""
2016	12360	383	Minn. St. Mankato	-	Totals	-	-	-	-	""	0.306	0.397	0.454	370	1747	535	86	14	""	48	323	199	81	27	42	284	28	13	""	47	""
2016	12360	383	Minn. St. Mankato	-	Opponent Totals	-	-	-	-	""	0.275	0.349	0.422	256	1710	471	87	10	""	48	234	156	41	5	31	402	43	16	""	39	""
2016	12360	27854	Minn.-Crookston	-	Totals	-	-	-	-	""	0.302	0.396	0.453	324	1458	440	90	10	""	37	279	158	84	23	38	372	33	21	""	37	""
2016	12360	27854	Minn.-Crookston	-	Opponent Totals	-	-	-	-	""	0.343	0.407	0.547	412	1617	555	129	21	""	53	382	130	60	22	22	223	24	12	""	61	""
2016	12360	30125	Minot St.	-	Totals	-	-	-	-	""	0.282	0.367	0.456	254	1284	362	68	7	""	47	238	151	31	15	12	316	23	10	""	40	""
2016	12360	30125	Minot St.	-	Opponent Totals	-	-	-	-	""	0.369	0.457	0.603	420	1346	497	94	10	""	67	366	174	59	20	26	209	31	11	""	67	""
2016	12360	429	Mississippi Col.	-	Totals	-	-	-	-	""	0.290	0.369	0.392	260	1502	436	71	5	""	24	230	159	38	18	42	303	35	22	""	63	""
2016	12360	429	Mississippi Col.	-	Opponent Totals	-	-	-	-	""	0.311	0.403	0.413	313	1536	477	69	4	""	27	272	190	64	24	25	286	32	24	""	54	""
2016	12360	435	Missouri S&T	-	Totals	-	-	-	-	""	0.319	0.398	0.428	390	1866	596	89	27	""	20	329	184	75	22	50	241	60	40	""	82	""
2016	12360	435	Missouri S&T	-	Opponent Totals	-	-	-	-	""	0.284	0.358	0.392	297	1865	530	65	8	""	40	251	180	49	25	36	327	52	31	""	62	""
2016	12360	9012	Mo. Southern St.	-	Totals	-	-	-	-	""	0.316	0.417	0.516	412	1770	560	114	21	""	66	382	264	57	24	27	398	46	23	""	59	""
2016	12360	9012	Mo. Southern St.	-	Opponent Totals	-	-	-	-	""	0.281	0.371	0.416	278	1717	482	77	10	""	45	246	198	57	12	36	368	41	27	""	42	""
2016	12360	9013	Mo. Western St.	-	Totals	-	-	-	-	""	0.328	0.410	0.500	481	2052	673	117	17	""	67	447	247	59	27	41	360	30	20	""	65	""
2016	12360	9013	Mo. Western St.	-	Opponent Totals	-	-	-	-	""	0.297	0.390	0.449	371	1933	575	114	20	""	46	331	246	64	26	24	339	57	24	""	56	""
2016	12360	436	Mo.-St. Louis	-	Totals	-	-	-	-	""	0.288	0.377	0.394	309	1659	477	97	8	""	21	277	187	61	15	29	277	48	9	""	29	""
2016	12360	436	Mo.-St. Louis	-	Opponent Totals	-	-	-	-	""	0.278	0.366	0.391	254	1631	454	82	6	""	30	236	179	56	14	21	262	50	28	""	42	""
2016	12360	437	Molloy	-	Totals	-	-	-	-	""	0.303	0.382	0.387	343	1849	561	86	19	""	10	288	193	55	22	21	276	39	24	""	104	""
2016	12360	437	Molloy	-	Opponent Totals	-	-	-	-	""	0.244	0.341	0.350	257	1715	418	86	18	""	20	230	205	56	16	30	370	36	33	""	70	""
2016	12360	205	Mont. St. Billings	-	Totals	-	-	-	-	""	0.288	0.394	0.417	309	1598	460	93	9	""	32	278	222	68	17	38	355	36	13	""	33	""
2016	12360	205	Mont. St. Billings	-	Opponent Totals	-	-	-	-	""	0.285	0.379	0.389	252	1575	449	66	11	""	25	218	191	61	21	31	370	30	26	""	52	""
2016	12360	1238	Montevallo	-	Totals	-	-	-	-	""	0.312	0.407	0.490	460	1942	605	108	11	""	72	417	242	87	24	26	374	27	26	""	93	""
2016	12360	1238	Montevallo	-	Opponent Totals	-	-	-	-	""	0.283	0.374	0.440	325	1846	522	112	13	""	51	298	209	77	26	24	386	52	17	""	56	""
2016	12360	445	Morehouse	-	Totals	-	-	-	-	""	0.272	0.378	0.365	271	1276	347	59	9	""	14	215	174	53	17	34	235	19	18	""	112	""
2016	12360	445	Morehouse	-	Opponent Totals	-	-	-	-	""	0.321	0.444	0.484	373	1352	434	72	13	""	41	328	243	67	15	15	206	28	20	""	96	""
2016	12360	1245	Mount Olive	-	Totals	-	-	-	-	""	0.290	0.374	0.432	349	1765	511	92	12	""	45	305	205	46	21	39	311	31	22	""	92	""
2016	12360	1245	Mount Olive	-	Opponent Totals	-	-	-	-	""	0.276	0.344	0.391	268	1807	498	73	15	""	35	240	155	44	20	25	379	36	15	""	44	""
2016	12360	8577	N.M. Highlands	-	Totals	-	-	-	-	""	0.258	0.327	0.368	221	1542	398	67	15	""	24	198	127	37	15	29	349	31	19	""	30	""
2016	12360	8577	N.M. Highlands	-	Opponent Totals	-	-	-	-	""	0.318	0.390	0.472	324	1583	504	116	14	""	33	287	154	49	26	29	255	43	17	""	68	""
2016	12360	1156	Neb.-Kearney	-	Totals	-	-	-	-	""	0.300	0.399	0.468	354	1675	503	104	3	""	57	318	205	81	14	41	338	48	12	""	15	""
2016	12360	1156	Neb.-Kearney	-	Opponent Totals	-	-	-	-	""	0.336	0.401	0.510	400	1736	583	118	10	""	55	360	165	38	21	40	307	37	23	""	71	""
2016	12360	470	New Haven	-	Totals	-	-	-	-	""	0.260	0.341	0.346	172	1182	307	54	12	""	8	153	116	35	12	19	226	24	17	""	30	""
2016	12360	470	New Haven	-	Opponent Totals	-	-	-	-	""	0.248	0.323	0.346	169	1184	294	58	17	""	8	148	120	16	12	21	250	18	13	""	51	""
2016	12360	1257	Newberry	-	Totals	-	-	-	-	""	0.304	0.395	0.409	347	1748	531	82	27	""	16	303	226	53	26	51	322	31	31	""	81	""
2016	12360	1257	Newberry	-	Opponent Totals	-	-	-	-	""	0.271	0.361	0.394	280	1763	477	92	4	""	39	259	209	48	16	28	418	38	21	""	51	""
2016	12360	30054	Newman	-	Totals	-	-	-	-	""	0.302	0.401	0.427	325	1475	446	94	9	""	24	282	188	69	19	21	278	21	12	""	47	""
2016	12360	30054	Newman	-	Opponent Totals	-	-	-	-	""	0.273	0.348	0.418	218	1420	388	76	9	""	37	200	130	39	11	29	298	31	10	""	32	""
2016	12360	487	North Ala.	-	Totals	-	-	-	-	""	0.303	0.380	0.430	288	1520	460	85	8	""	31	256	160	39	16	41	351	27	23	""	68	""
2016	12360	487	North Ala.	-	Opponent Totals	-	-	-	-	""	0.269	0.354	0.405	236	1488	401	91	10	""	30	213	145	56	12	30	365	29	17	""	38	""
2016	12360	30052	North Georgia	-	Totals	-	-	-	-	""	0.283	0.396	0.450	370	1727	488	112	9	""	53	326	269	71	22	41	399	48	16	""	50	""
2016	12360	30052	North Georgia	-	Opponent Totals	-	-	-	-	""	0.260	0.345	0.398	261	1762	459	73	5	""	53	239	190	41	7	32	419	34	6	""	36	""
2016	12360	9223	North Greenville	-	Totals	-	-	-	-	""	0.303	0.393	0.457	350	1748	529	95	9	""	52	308	225	47	20	20	371	37	23	""	90	""
2016	12360	9223	North Greenville	-	Opponent Totals	-	-	-	-	""	0.257	0.340	0.351	208	1651	424	60	7	""	27	188	181	35	14	36	348	40	14	""	35	""
2016	12360	12810	Northeastern St.	-	Totals	-	-	-	-	""	0.289	0.393	0.449	361	1717	496	92	9	""	55	332	246	59	15	33	374	31	13	""	41	""
2016	12360	12810	Northeastern St.	-	Opponent Totals	-	-	-	-	""	0.304	0.396	0.465	345	1689	514	84	8	""	57	312	215	56	23	47	353	47	31	""	59	""
2016	12360	1266	Northern St.	-	Totals	-	-	-	-	""	0.323	0.401	0.506	354	1553	501	103	16	""	50	315	157	59	21	22	286	28	9	""	49	""
2016	12360	1266	Northern St.	-	Opponent Totals	-	-	-	-	""	0.327	0.401	0.480	344	1526	499	89	8	""	43	292	163	42	24	23	236	38	9	""	47	""
2016	12360	507	Northwest Mo. St.	-	Totals	-	-	-	-	""	0.279	0.373	0.381	318	1788	498	92	10	""	24	277	229	53	22	31	302	48	27	""	68	""
2016	12360	507	Northwest Mo. St.	-	Opponent Totals	-	-	-	-	""	0.279	0.353	0.418	337	1798	502	78	9	""	51	300	171	46	19	39	382	29	20	""	58	""
2016	12360	1274	Northwest Nazarene	-	Totals	-	-	-	-	""	0.288	0.368	0.443	295	1647	475	97	13	""	44	267	165	50	13	11	339	34	21	""	56	""
2016	12360	1274	Northwest Nazarene	-	Opponent Totals	-	-	-	-	""	0.289	0.368	0.432	275	1624	469	78	11	""	44	251	157	55	14	34	317	45	11	""	30	""
2016	12360	30178	Northwestern Okla.	-	Totals	-	-	-	-	""	0.249	0.316	0.351	191	1531	381	59	13	""	24	163	117	39	11	17	396	22	28	""	63	""
2016	12360	30178	Northwestern Okla.	-	Opponent Totals	-	-	-	-	""	0.259	0.361	0.363	276	1569	406	77	7	""	24	235	192	67	15	15	324	29	17	""	91	""
2016	12360	510	Northwood (MI)	-	Totals	-	-	-	-	""	0.287	0.389	0.386	299	1521	436	68	10	""	21	264	214	61	30	49	298	27	7	""	41	""
2016	12360	510	Northwood (MI)	-	Opponent Totals	-	-	-	-	""	0.297	0.372	0.435	292	1599	475	92	6	""	39	271	167	32	15	26	264	31	12	""	32	""
2016	12360	30126	Notre Dame (OH)	-	Totals	-	-	-	-	""	0.291	0.368	0.389	276	1640	477	73	14	""	20	230	165	42	14	36	277	35	17	""	68	""
2016	12360	30126	Notre Dame (OH)	-	Opponent Totals	-	-	-	-	""	0.269	0.363	0.373	267	1577	424	74	15	""	20	231	169	75	17	31	284	45	22	""	53	""
2016	12360	24639	Nova Southeastern	-	Totals	-	-	-	-	""	0.306	0.388	0.497	431	2045	626	110	14	""	84	397	237	58	33	46	438	38	15	""	100	""
2016	12360	24639	Nova Southeastern	-	Opponent Totals	-	-	-	-	""	0.254	0.327	0.362	244	1963	499	94	6	""	35	215	178	47	26	27	457	53	19	""	48	""
2016	12360	1277	Nyack	-	Totals	-	-	-	-	""	0.236	0.310	0.315	172	1373	324	58	13	""	8	141	113	45	24	28	336	21	21	""	92	""
2016	12360	1277	Nyack	-	Opponent Totals	-	-	-	-	""	0.273	0.346	0.370	243	1412	386	64	14	""	15	201	129	40	22	33	278	19	23	""	73	""
2016	12360	1278	Oakland City	-	Totals	-	-	-	-	""	0.259	0.380	0.337	235	1284	332	59	6	""	10	210	208	55	18	37	268	25	9	""	34	""
2016	12360	1278	Oakland City	-	Opponent Totals	-	-	-	-	""	0.276	0.385	0.396	251	1302	360	67	4	""	27	222	189	50	16	25	247	36	16	""	49	""
2016	12360	30119	Ohio Dominican	-	Totals	-	-	-	-	""	0.307	0.380	0.427	291	1516	466	75	11	""	28	260	154	35	18	25	313	35	11	""	35	""
2016	12360	30119	Ohio Dominican	-	Opponent Totals	-	-	-	-	""	0.310	0.390	0.460	309	1488	461	87	7	""	41	281	161	45	17	38	246	27	17	""	46	""
2016	12360	15207	Ohio Valley	-	Totals	-	-	-	-	""	0.250	0.354	0.305	236	1640	410	57	8	""	6	192	203	69	13	31	360	22	13	""	39	""
2016	12360	15207	Ohio Valley	-	Opponent Totals	-	-	-	-	""	0.323	0.406	0.472	427	1740	562	124	15	""	35	394	218	49	34	22	212	22	17	""	60	""
2016	12360	30202	Okla. Baptist	-	Totals	-	-	-	-	""	0.299	0.393	0.472	352	1658	495	97	11	""	56	327	213	57	20	15	304	43	17	""	37	""
2016	12360	30202	Okla. Baptist	-	Opponent Totals	-	-	-	-	""	0.222	0.302	0.338	185	1548	343	60	9	""	34	165	140	45	13	24	457	33	17	""	28	""
2016	12360	30179	Okla. Christian	-	Totals	-	-	-	-	""	0.302	0.366	0.467	316	1761	532	120	15	""	47	297	157	34	22	42	368	32	23	""	53	""
2016	12360	30179	Okla. Christian	-	Opponent Totals	-	-	-	-	""	0.274	0.359	0.387	268	1702	467	87	6	""	31	233	177	54	14	30	352	47	17	""	34	""
2016	12360	24342	Okla. Panhandle	-	Totals	-	-	-	-	""	0.221	0.319	0.268	139	1328	294	32	6	""	6	115	160	33	8	25	301	26	25	""	31	""
2016	12360	24342	Okla. Panhandle	-	Opponent Totals	-	-	-	-	""	0.353	0.442	0.505	438	1549	547	114	11	""	33	380	198	65	21	29	277	32	11	""	47	""
2016	12360	1289	Ouachita Baptist	-	Totals	-	-	-	-	""	0.256	0.344	0.358	205	1525	391	74	6	""	23	182	157	55	16	32	338	31	18	""	24	""
2016	12360	1289	Ouachita Baptist	-	Opponent Totals	-	-	-	-	""	0.267	0.366	0.392	262	1508	402	71	17	""	28	239	179	69	21	41	327	33	27	""	43	""
2016	12360	533	Pace	-	Totals	-	-	-	-	""	0.270	0.348	0.382	288	1800	486	99	17	""	23	247	167	56	15	38	286	47	23	""	39	""
2016	12360	533	Pace	-	Opponent Totals	-	-	-	-	""	0.250	0.334	0.359	225	1747	436	98	14	""	22	193	148	75	5	24	364	32	45	""	41	""
2016	12360	535	Paine	-	Totals	-	-	-	-	""	0.292	0.394	0.419	301	1293	378	78	22	""	14	235	192	37	18	14	272	21	11	""	114	""
2016	12360	535	Paine	-	Opponent Totals	-	-	-	-	""	0.296	0.410	0.406	329	1310	388	73	7	""	19	244	205	66	26	15	318	22	17	""	69	""
2016	12360	30045	Palm Beach Atl.	-	Totals	-	-	-	-	""	0.287	0.371	0.403	261	1608	462	88	7	""	28	236	165	61	20	58	320	42	22	""	46	""
2016	12360	30045	Palm Beach Atl.	-	Opponent Totals	-	-	-	-	""	0.317	0.409	0.441	330	1670	529	88	13	""	31	286	202	69	16	29	342	41	29	""	79	""
2016	12360	542	Pfeiffer	-	Totals	-	-	-	-	""	0.286	0.366	0.405	304	1784	510	80	5	""	41	267	185	52	18	39	324	43	18	""	45	""
2016	12360	542	Pfeiffer	-	Opponent Totals	-	-	-	-	""	0.304	0.378	0.430	306	1769	537	99	10	""	35	272	178	45	21	32	328	44	27	""	59	""
2016	12360	543	Philadelphia U.	-	Totals	-	-	-	-	""	0.283	0.373	0.421	303	1663	470	86	9	""	42	269	189	60	18	36	358	35	22	""	68	""
2016	12360	543	Philadelphia U.	-	Opponent Totals	-	-	-	-	""	0.314	0.392	0.449	359	1752	551	101	18	""	33	323	191	48	23	38	320	38	18	""	66	""
2016	12360	546	Pitt.-Johnstown	-	Totals	-	-	-	-	""	0.306	0.392	0.466	300	1198	367	79	14	""	28	266	146	35	18	6	234	20	7	""	25	""
2016	12360	546	Pitt.-Johnstown	-	Opponent Totals	-	-	-	-	""	0.374	0.446	0.588	360	1243	465	99	16	""	45	338	142	39	25	15	178	27	17	""	53	""
2016	12360	1314	Pittsburg St.	-	Totals	-	-	-	-	""	0.294	0.373	0.436	305	1602	471	86	6	""	43	265	171	41	19	30	288	38	18	""	34	""
2016	12360	1314	Pittsburg St.	-	Opponent Totals	-	-	-	-	""	0.333	0.432	0.569	451	1663	554	130	32	""	66	397	245	62	23	21	344	38	26	""	83	""
2016	12360	30149	Point Loma	-	Totals	-	-	-	-	""	0.301	0.393	0.439	290	1560	469	67	7	""	45	269	221	28	20	39	227	34	24	""	42	""
2016	12360	30149	Point Loma	-	Opponent Totals	-	-	-	-	""	0.255	0.312	0.360	185	1546	394	72	5	""	27	166	98	34	8	43	317	32	17	""	29	""
2016	12360	1318	Post	-	Totals	-	-	-	-	""	0.225	0.295	0.336	155	1338	301	60	5	""	26	126	112	23	6	20	337	19	16	""	43	""
2016	12360	1318	Post	-	Opponent Totals	-	-	-	-	""	0.284	0.382	0.418	292	1368	388	72	14	""	28	247	194	33	14	22	337	18	23	""	77	""
2016	12360	560	Queens (NY)	-	Totals	-	-	-	-	""	0.263	0.354	0.347	238	1515	399	71	14	""	9	208	161	59	16	19	339	35	28	""	95	""
2016	12360	560	Queens (NY)	-	Opponent Totals	-	-	-	-	""	0.272	0.374	0.361	268	1479	402	58	13	""	16	231	198	55	20	32	293	38	33	""	88	""
2016	12360	561	Quincy	-	Totals	-	-	-	-	""	0.333	0.413	0.544	525	2021	674	125	14	""	91	490	226	69	30	7	331	39	15	""	52	""
2016	12360	561	Quincy	-	Opponent Totals	-	-	-	-	""	0.277	0.351	0.397	310	1883	521	91	6	""	41	265	171	55	22	28	359	36	14	""	64	""
2016	12360	568	Regis (CO)	-	Totals	-	-	-	-	""	0.295	0.371	0.404	259	1466	432	85	12	""	17	229	136	54	22	22	284	37	29	""	48	""
2016	12360	568	Regis (CO)	-	Opponent Totals	-	-	-	-	""	0.307	0.380	0.444	286	1509	463	74	11	""	37	267	144	45	18	25	312	31	17	""	37	""
2016	12360	1328	Rockhurst	-	Totals	-	-	-	-	""	0.306	0.375	0.420	324	1780	545	92	12	""	29	284	170	35	15	18	317	46	21	""	64	""
2016	12360	1328	Rockhurst	-	Opponent Totals	-	-	-	-	""	0.310	0.375	0.420	303	1722	534	93	17	""	21	279	132	60	22	37	227	49	14	""	50	""
2016	12360	30180	Rogers St.	-	Totals	-	-	-	-	""	0.304	0.403	0.413	285	1473	448	87	1	""	24	249	204	52	17	19	245	50	11	""	31	""
2016	12360	30180	Rogers St.	-	Opponent Totals	-	-	-	-	""	0.266	0.351	0.368	215	1403	373	60	3	""	26	201	143	48	15	39	254	35	10	""	32	""
2016	12360	584	Rollins	-	Totals	-	-	-	-	""	0.330	0.405	0.501	397	1757	579	106	32	""	44	356	202	36	22	21	336	48	24	""	55	""
2016	12360	584	Rollins	-	Opponent Totals	-	-	-	-	""	0.298	0.380	0.427	342	1743	519	75	9	""	44	303	186	58	20	26	391	34	21	""	45	""
2016	12360	11276	S.C. Aiken	-	Totals	-	-	-	-	""	0.321	0.410	0.496	456	2106	676	115	5	""	81	423	268	69	28	21	428	55	7	""	36	""
2016	12360	11276	S.C. Aiken	-	Opponent Totals	-	-	-	-	""	0.266	0.341	0.362	304	2049	545	77	10	""	33	265	198	47	21	21	508	25	18	""	75	""
2016	12360	591	Saginaw Valley	-	Totals	-	-	-	-	""	0.279	0.371	0.372	260	1475	411	64	7	""	20	231	176	50	15	67	240	36	15	""	27	""
2016	12360	591	Saginaw Valley	-	Opponent Totals	-	-	-	-	""	0.291	0.368	0.402	248	1482	431	87	9	""	20	226	146	46	19	29	251	33	14	""	38	""
2016	12360	594	Saint Augustine's	-	Totals	-	-	-	-	""	0.268	0.352	0.349	194	1245	334	69	10	""	4	169	147	22	16	27	212	21	21	""	79	""
2016	12360	594	Saint Augustine's	-	Opponent Totals	-	-	-	-	""	0.301	0.382	0.431	325	1344	405	93	12	""	19	276	140	54	29	30	220	17	22	""	82	""
2016	12360	608	Saint Leo	-	Totals	-	-	-	-	""	0.321	0.396	0.490	415	1804	579	106	20	""	53	383	195	52	35	19	309	40	13	""	49	""
2016	12360	608	Saint Leo	-	Opponent Totals	-	-	-	-	""	0.304	0.391	0.463	365	1761	535	100	14	""	51	327	206	61	22	27	367	40	17	""	55	""
2016	12360	1343	Saint Martin's	-	Totals	-	-	-	-	""	0.265	0.351	0.345	218	1539	408	68	5	""	15	181	172	37	12	22	357	33	23	""	36	""
2016	12360	1343	Saint Martin's	-	Opponent Totals	-	-	-	-	""	0.343	0.423	0.510	384	1677	575	126	19	""	39	346	200	51	25	45	234	30	22	""	54	""
2016	12360	613	Saint Michael's	-	Totals	-	-	-	-	""	0.216	0.288	0.304	108	1050	227	47	3	""	13	94	75	33	5	17	320	25	14	""	18	""
2016	12360	613	Saint Michael's	-	Opponent Totals	-	-	-	-	""	0.320	0.391	0.434	242	1164	373	53	14	""	17	212	110	36	19	15	179	20	21	""	87	""
2016	12360	1347	Saint Rose	-	Totals	-	-	-	-	""	0.270	0.338	0.374	210	1365	368	67	17	""	14	184	117	34	18	25	281	24	17	""	28	""
2016	12360	1347	Saint Rose	-	Opponent Totals	-	-	-	-	""	0.271	0.359	0.376	233	1374	372	75	12	""	15	210	160	36	11	20	294	24	30	""	61	""
2016	12360	19117	Salem Int'l	-	Totals	-	-	-	-	""	0.217	0.309	0.286	151	1379	299	59	8	""	7	127	158	33	14	11	326	28	29	""	44	""
2016	12360	19117	Salem Int'l	-	Opponent Totals	-	-	-	-	""	0.335	0.426	0.458	361	1515	507	98	19	""	17	320	172	81	18	28	246	24	16	""	123	""
2016	12360	628	San Fran. St.	-	Totals	-	-	-	-	""	0.275	0.351	0.357	232	1596	439	70	8	""	15	193	146	51	19	45	249	44	12	""	59	""
2016	12360	628	San Fran. St.	-	Opponent Totals	-	-	-	-	""	0.282	0.349	0.372	254	1648	464	74	18	""	13	221	145	36	18	35	222	34	9	""	61	""
2016	12360	30063	Seton Hill	-	Totals	-	-	-	-	""	0.316	0.406	0.526	434	1787	564	128	7	""	78	394	192	91	18	37	336	20	47	""	128	""
2016	12360	30063	Seton Hill	-	Opponent Totals	-	-	-	-	""	0.274	0.335	0.377	273	1787	490	91	9	""	25	245	128	42	15	19	362	40	13	""	35	""
2016	12360	10870	Shepherd	-	Totals	-	-	-	-	""	0.322	0.408	0.508	415	1808	583	98	14	""	70	373	222	54	20	24	306	36	18	""	98	""
2016	12360	10870	Shepherd	-	Opponent Totals	-	-	-	-	""	0.280	0.356	0.403	277	1727	484	95	9	""	33	244	159	52	15	31	322	37	13	""	65	""
2016	12360	638	Shippensburg	-	Totals	-	-	-	-	""	0.300	0.377	0.422	296	1575	473	90	15	""	24	268	165	44	26	28	309	39	16	""	64	""
2016	12360	638	Shippensburg	-	Opponent Totals	-	-	-	-	""	0.301	0.380	0.444	307	1542	464	93	10	""	36	280	179	31	24	19	306	39	20	""	61	""
2016	12360	30151	Shorter	-	Totals	-	-	-	-	""	0.246	0.337	0.362	216	1404	345	66	5	""	29	182	160	38	8	13	358	25	35	""	81	""
2016	12360	30151	Shorter	-	Opponent Totals	-	-	-	-	""	0.289	0.397	0.458	346	1527	442	90	6	""	52	301	218	69	21	26	238	18	16	""	112	""
2016	12360	30128	Sioux Falls	-	Totals	-	-	-	-	""	0.324	0.397	0.463	365	1698	550	97	11	""	39	324	165	52	16	16	329	27	23	""	58	""
2016	12360	30128	Sioux Falls	-	Opponent Totals	-	-	-	-	""	0.350	0.451	0.511	409	1612	565	91	12	""	48	377	237	80	26	33	231	40	17	""	55	""
2016	12360	643	Slippery Rock	-	Totals	-	-	-	-	""	0.299	0.359	0.475	273	1483	444	80	11	""	53	250	117	25	6	9	338	30	6	""	16	""
2016	12360	643	Slippery Rock	-	Opponent Totals	-	-	-	-	""	0.322	0.415	0.495	374	1464	471	94	12	""	45	328	209	40	21	20	263	33	18	""	70	""
2016	12360	645	Sonoma St.	-	Totals	-	-	-	-	""	0.250	0.343	0.349	221	1599	399	64	7	""	27	193	192	43	15	14	373	40	8	""	33	""
2016	12360	645	Sonoma St.	-	Opponent Totals	-	-	-	-	""	0.250	0.351	0.329	225	1567	392	66	5	""	16	197	201	50	14	37	369	44	15	""	63	""
2016	12360	1371	Southeastern Okla.	-	Totals	-	-	-	-	""	0.284	0.379	0.424	289	1692	481	75	7	""	49	262	199	73	23	34	356	47	35	""	44	""
2016	12360	1371	Southeastern Okla.	-	Opponent Totals	-	-	-	-	""	0.286	0.386	0.424	306	1768	505	92	10	""	44	272	204	91	9	24	397	32	18	""	46	""
2016	12360	1376	Southern Ark.	-	Totals	-	-	-	-	""	0.290	0.383	0.452	306	1640	475	83	11	""	54	278	196	62	18	34	390	32	23	""	50	""
2016	12360	1376	Southern Ark.	-	Opponent Totals	-	-	-	-	""	0.262	0.336	0.376	223	1583	414	79	12	""	26	202	140	48	23	26	338	39	21	""	36	""
2016	12360	658	Southern Conn. St.	-	Totals	-	-	-	-	""	0.267	0.346	0.351	219	1455	389	74	12	""	8	197	162	22	15	38	319	32	20	""	49	""
2016	12360	658	Southern Conn. St.	-	Opponent Totals	-	-	-	-	""	0.277	0.353	0.370	233	1450	401	74	7	""	16	212	136	47	22	18	266	20	21	""	57	""
2016	12360	661	Southern Ind.	-	Totals	-	-	-	-	""	0.306	0.383	0.427	397	1994	610	118	11	""	34	342	209	53	19	38	356	38	26	""	78	""
2016	12360	661	Southern Ind.	-	Opponent Totals	-	-	-	-	""	0.260	0.345	0.347	270	1932	503	86	6	""	23	240	196	63	19	30	356	53	18	""	26	""
2016	12360	468	Southern N.H.	-	Totals	-	-	-	-	""	0.307	0.402	0.494	494	1978	608	124	39	""	56	405	255	80	34	13	410	21	33	""	170	""
2016	12360	468	Southern N.H.	-	Opponent Totals	-	-	-	-	""	0.218	0.301	0.317	209	1845	403	66	7	""	34	181	174	47	10	23	482	48	21	""	57	""
2016	12360	30152	Southern Nazarene	-	Totals	-	-	-	-	""	0.258	0.324	0.345	183	1506	389	50	3	""	25	161	97	55	12	24	316	34	14	""	34	""
2016	12360	30152	Southern Nazarene	-	Opponent Totals	-	-	-	-	""	0.347	0.430	0.541	402	1591	552	96	16	""	60	372	183	71	29	33	201	21	18	""	81	""
2016	12360	30192	Southern Wesleyan	-	Totals	-	-	-	-	""	0.258	0.343	0.319	228	1629	420	54	14	""	6	197	191	28	15	13	336	30	16	""	54	""
2016	12360	30192	Southern Wesleyan	-	Opponent Totals	-	-	-	-	""	0.310	0.399	0.463	374	1664	516	107	18	""	37	336	224	44	34	21	252	29	21	""	119	""
2016	12360	2755	Southwest Baptist	-	Totals	-	-	-	-	""	0.317	0.403	0.477	372	1732	549	109	15	""	46	331	225	40	24	33	287	43	18	""	57	""
2016	12360	2755	Southwest Baptist	-	Opponent Totals	-	-	-	-	""	0.307	0.402	0.493	369	1685	518	105	23	""	54	333	227	55	23	27	304	43	33	""	45	""
2016	12360	8736	Southwest Minn. St.	-	Totals	-	-	-	-	""	0.268	0.339	0.396	195	1323	354	71	6	""	29	177	127	21	11	9	400	23	14	""	26	""
2016	12360	8736	Southwest Minn. St.	-	Opponent Totals	-	-	-	-	""	0.366	0.446	0.555	391	1391	509	96	4	""	53	348	173	46	23	25	234	34	19	""	50	""
2016	12360	8744	Southwestern Okla.	-	Totals	-	-	-	-	""	0.282	0.379	0.416	343	1654	466	81	15	""	37	304	204	70	22	45	324	28	18	""	62	""
2016	12360	8744	Southwestern Okla.	-	Opponent Totals	-	-	-	-	""	0.255	0.335	0.375	244	1650	421	88	7	""	32	214	164	43	18	32	384	29	25	""	17	""
2016	12360	30191	Spring Hill	-	Totals	-	-	-	-	""	0.315	0.419	0.501	368	1427	450	101	10	""	48	333	191	78	20	11	273	38	11	""	28	""
2016	12360	30191	Spring Hill	-	Opponent Totals	-	-	-	-	""	0.252	0.355	0.356	207	1322	333	61	7	""	21	187	180	41	16	25	300	38	7	""	30	""
2016	12360	593	St. Anselm	-	Totals	-	-	-	-	""	0.215	0.289	0.265	127	1409	303	42	8	""	4	101	131	21	11	26	359	23	18	""	40	""
2016	12360	593	St. Anselm	-	Opponent Totals	-	-	-	-	""	0.313	0.379	0.467	296	1520	476	100	7	""	40	264	131	45	24	22	224	34	30	""	51	""
2016	12360	598	St. Cloud St.	-	Totals	-	-	-	-	""	0.363	0.427	0.612	507	1887	685	147	17	""	96	466	188	40	21	19	252	46	16	""	58	""
2016	12360	598	St. Cloud St.	-	Opponent Totals	-	-	-	-	""	0.254	0.327	0.384	236	1720	437	77	6	""	45	217	136	53	5	22	470	32	11	""	22	""
2016	12360	1334	St. Edward's	-	Totals	-	-	-	-	""	0.326	0.400	0.527	447	1949	635	134	26	""	69	409	186	74	31	30	305	40	15	""	43	""
2016	12360	1334	St. Edward's	-	Opponent Totals	-	-	-	-	""	0.234	0.300	0.322	189	1776	415	73	6	""	24	164	138	37	17	23	465	53	18	""	32	""
2016	12360	604	St. Joseph's (IN)	-	Totals	-	-	-	-	""	0.275	0.358	0.404	266	1582	435	86	8	""	34	249	171	38	9	31	353	35	16	""	22	""
2016	12360	604	St. Joseph's (IN)	-	Opponent Totals	-	-	-	-	""	0.284	0.341	0.395	234	1599	454	100	19	""	13	212	107	38	13	32	358	25	18	""	35	""
2016	12360	1346	St. Mary's (TX)	-	Totals	-	-	-	-	""	0.314	0.408	0.481	369	1730	544	122	14	""	46	333	243	42	18	39	292	48	14	""	30	""
2016	12360	1346	St. Mary's (TX)	-	Opponent Totals	-	-	-	-	""	0.284	0.367	0.401	283	1709	485	94	14	""	26	255	190	46	18	44	375	51	14	""	38	""
2016	12360	1348	St. Thomas Aquinas	-	Totals	-	-	-	-	""	0.277	0.383	0.395	320	1808	501	91	13	""	32	269	254	70	24	26	423	33	48	""	83	""
2016	12360	1348	St. Thomas Aquinas	-	Opponent Totals	-	-	-	-	""	0.230	0.306	0.310	231	1777	409	77	13	""	13	190	161	42	21	32	387	34	19	""	86	""
2016	12360	103	Stanislaus St.	-	Totals	-	-	-	-	""	0.271	0.352	0.398	277	1570	425	79	14	""	31	236	157	50	21	47	299	25	13	""	64	""
2016	12360	103	Stanislaus St.	-	Opponent Totals	-	-	-	-	""	0.255	0.357	0.334	247	1555	396	58	6	""	18	204	199	60	19	29	262	37	16	""	50	""
2016	12360	680	Stillman	-	Totals	-	-	-	-	""	0.298	0.382	0.411	320	1596	475	82	9	""	27	292	183	49	24	17	318	32	12	""	27	""
2016	12360	680	Stillman	-	Opponent Totals	-	-	-	-	""	0.268	0.355	0.365	300	1555	416	80	7	""	19	248	186	37	21	21	349	20	29	""	57	""
2016	12360	682	Stonehill	-	Totals	-	-	-	-	""	0.274	0.351	0.395	232	1381	379	79	11	""	22	202	128	42	12	21	303	29	14	""	54	""
2016	12360	682	Stonehill	-	Opponent Totals	-	-	-	-	""	0.263	0.338	0.365	202	1396	367	59	15	""	18	163	125	40	15	21	292	18	20	""	77	""
2016	12360	689	Tampa	-	Totals	-	-	-	-	""	0.346	0.420	0.537	501	1943	673	129	23	""	65	455	210	58	32	21	343	33	11	""	41	""
2016	12360	689	Tampa	-	Opponent Totals	-	-	-	-	""	0.267	0.336	0.379	277	1794	479	79	10	""	34	250	147	49	19	23	418	37	16	""	68	""
2016	12360	1395	Tarleton St.	-	Totals	-	-	-	-	""	0.271	0.352	0.387	226	1482	402	81	12	""	22	192	130	61	14	42	330	27	18	""	46	""
2016	12360	1395	Tarleton St.	-	Opponent Totals	-	-	-	-	""	0.287	0.365	0.418	274	1489	428	90	7	""	30	246	161	29	15	49	299	32	8	""	26	""
2016	12360	30090	Tex. A&M Int'l	-	Totals	-	-	-	-	""	0.271	0.368	0.377	237	1470	399	83	9	""	18	207	195	37	15	20	332	36	14	""	24	""
2016	12360	30090	Tex. A&M Int'l	-	Opponent Totals	-	-	-	-	""	0.302	0.405	0.487	327	1518	459	115	26	""	38	290	212	62	20	29	284	31	14	""	32	""
2016	12360	696	Tex. A&M-Kingsville	-	Totals	-	-	-	-	""	0.291	0.388	0.438	363	1704	496	96	19	""	39	315	232	46	15	24	456	27	29	""	60	""
2016	12360	696	Tex. A&M-Kingsville	-	Opponent Totals	-	-	-	-	""	0.281	0.374	0.407	287	1682	472	94	14	""	30	251	190	69	16	52	381	34	28	""	67	""
2016	12360	30088	Tex. Permian Basin	-	Totals	-	-	-	-	""	0.275	0.349	0.383	239	1564	430	71	16	""	22	209	157	31	17	41	338	35	12	""	49	""
2016	12360	30088	Tex. Permian Basin	-	Opponent Totals	-	-	-	-	""	0.299	0.376	0.434	293	1600	478	83	26	""	27	262	157	50	13	23	277	37	18	""	54	""
2016	12360	1403	Tiffin	-	Totals	-	-	-	-	""	0.275	0.365	0.390	269	1628	447	81	13	""	27	245	180	59	12	33	347	37	17	""	30	""
2016	12360	1403	Tiffin	-	Opponent Totals	-	-	-	-	""	0.284	0.364	0.411	269	1586	451	68	8	""	39	246	159	51	18	40	270	38	8	""	35	""
2016	12360	30002	Trevecca Nazarene	-	Totals	-	-	-	-	""	0.306	0.395	0.447	347	1837	563	110	25	""	33	310	215	62	12	15	394	29	31	""	126	""
2016	12360	30002	Trevecca Nazarene	-	Opponent Totals	-	-	-	-	""	0.285	0.352	0.387	276	1826	520	102	18	""	16	242	137	63	18	32	402	28	18	""	40	""
2016	12360	499	Truman	-	Totals	-	-	-	-	""	0.292	0.372	0.380	249	1552	453	63	8	""	19	220	142	65	16	14	254	32	30	""	73	""
2016	12360	499	Truman	-	Opponent Totals	-	-	-	-	""	0.319	0.384	0.442	329	1629	519	74	11	""	35	297	151	36	21	34	225	42	18	""	35	""
2016	12360	12830	Tusculum	-	Totals	-	-	-	-	""	0.298	0.386	0.434	357	1904	567	96	20	""	41	317	224	68	28	45	370	43	15	""	42	""
2016	12360	12830	Tusculum	-	Opponent Totals	-	-	-	-	""	0.236	0.304	0.332	223	1841	435	64	10	""	31	183	138	48	14	25	491	35	12	""	51	""
2016	12360	720	Tuskegee	-	Totals	-	-	-	-	""	0.241	0.333	0.331	204	1180	284	42	8	""	16	169	128	44	18	21	326	18	13	""	58	""
2016	12360	720	Tuskegee	-	Opponent Totals	-	-	-	-	""	0.315	0.431	0.443	363	1260	397	71	3	""	28	306	208	70	29	25	231	15	8	""	86	""
2016	12360	112	UC San Diego	-	Totals	-	-	-	-	""	0.273	0.366	0.359	282	1721	469	66	22	""	13	248	226	43	25	39	316	39	10	""	41	""
2016	12360	112	UC San Diego	-	Opponent Totals	-	-	-	-	""	0.273	0.355	0.353	237	1695	462	66	7	""	19	200	177	46	12	46	299	53	29	""	32	""
2016	12360	309	UIndy	-	Totals	-	-	-	-	""	0.301	0.380	0.459	389	1912	576	117	14	""	52	346	198	63	28	60	352	34	24	""	38	""
2016	12360	309	UIndy	-	Opponent Totals	-	-	-	-	""	0.280	0.355	0.409	289	1914	536	88	10	""	46	257	170	59	12	38	388	47	28	""	40	""
2016	12360	537	UNC Pembroke	-	Totals	-	-	-	-	""	0.323	0.392	0.482	372	1769	571	98	11	""	54	327	157	56	19	37	305	35	17	""	39	""
2016	12360	537	UNC Pembroke	-	Opponent Totals	-	-	-	-	""	0.315	0.384	0.473	370	1773	558	105	4	""	56	328	168	47	27	29	360	39	10	""	63	""
2016	12360	28594	USciences	-	Totals	-	-	-	-	""	0.221	0.312	0.294	100	914	202	35	4	""	8	90	91	32	6	10	241	16	7	""	18	""
2016	12360	28594	USciences	-	Opponent Totals	-	-	-	-	""	0.314	0.376	0.498	224	972	305	69	22	""	22	197	91	16	17	15	160	16	15	""	53	""
2016	12360	30181	UVa-Wise	-	Totals	-	-	-	-	""	0.295	0.377	0.389	298	1585	468	81	5	""	19	261	174	47	20	33	275	42	16	""	42	""
2016	12360	30181	UVa-Wise	-	Opponent Totals	-	-	-	-	""	0.313	0.386	0.440	342	1599	501	87	13	""	30	302	166	39	27	33	218	27	15	""	67	""
2016	12360	30153	Union (TN)	-	Totals	-	-	-	-	""	0.256	0.339	0.357	230	1491	382	59	14	""	21	206	147	47	15	27	369	32	11	""	29	""
2016	12360	30153	Union (TN)	-	Opponent Totals	-	-	-	-	""	0.297	0.377	0.437	284	1529	454	94	21	""	26	258	164	43	18	40	285	35	27	""	51	""
2016	12360	728	Upper Iowa	-	Totals	-	-	-	-	""	0.294	0.395	0.432	328	1471	433	77	22	""	27	282	195	64	24	25	323	22	20	""	69	""
2016	12360	728	Upper Iowa	-	Opponent Totals	-	-	-	-	""	0.344	0.416	0.501	358	1540	530	96	11	""	41	329	145	64	29	16	231	22	17	""	54	""
2016	12360	30104	Urbana	-	Totals	-	-	-	-	""	0.303	0.401	0.383	276	1513	458	72	8	""	11	243	201	51	6	40	282	27	14	""	44	""
2016	12360	30104	Urbana	-	Opponent Totals	-	-	-	-	""	0.316	0.414	0.457	335	1486	469	98	11	""	30	303	187	75	19	29	236	34	14	""	84	""
2016	12360	734	Valdosta St.	-	Totals	-	-	-	-	""	0.295	0.377	0.454	279	1439	425	83	10	""	42	248	162	37	19	46	310	19	21	""	73	""
2016	12360	734	Valdosta St.	-	Opponent Totals	-	-	-	-	""	0.290	0.353	0.396	218	1448	420	75	8	""	21	189	117	31	14	32	310	28	11	""	31	""
2016	12360	743	Virginia St.	-	Totals	-	-	-	-	""	0.240	0.323	0.326	142	1084	260	45	12	""	8	123	110	29	13	23	230	20	12	""	48	""
2016	12360	743	Virginia St.	-	Opponent Totals	-	-	-	-	""	0.343	0.439	0.478	276	1179	404	72	14	""	20	256	171	42	14	13	154	17	15	""	81	""
2016	12360	30141	Walsh	-	Totals	-	-	-	-	""	0.302	0.356	0.468	341	1833	553	107	12	""	58	308	134	33	21	43	335	26	9	""	19	""
2016	12360	30141	Walsh	-	Opponent Totals	-	-	-	-	""	0.300	0.374	0.447	339	1807	542	89	9	""	53	311	176	45	13	28	337	40	20	""	21	""
2016	12360	2814	Washburn	-	Totals	-	-	-	-	""	0.296	0.397	0.485	428	1885	558	116	17	""	69	370	251	88	37	30	362	30	34	""	132	""
2016	12360	2814	Washburn	-	Opponent Totals	-	-	-	-	""	0.299	0.384	0.421	305	1912	572	111	8	""	35	286	212	65	20	31	348	57	23	""	32	""
2016	12360	757	Wayne St. (MI)	-	Totals	-	-	-	-	""	0.307	0.393	0.445	329	1688	519	127	14	""	26	296	196	52	16	19	314	31	18	""	55	""
2016	12360	757	Wayne St. (MI)	-	Opponent Totals	-	-	-	-	""	0.274	0.371	0.376	268	1579	433	74	12	""	21	236	213	37	12	47	372	40	21	""	40	""
2016	12360	1433	Wayne St. (NE)	-	Totals	-	-	-	-	""	0.327	0.409	0.517	300	1310	428	83	8	""	50	268	153	35	9	27	269	29	18	""	24	""
2016	12360	1433	Wayne St. (NE)	-	Opponent Totals	-	-	-	-	""	0.355	0.431	0.547	342	1342	476	96	6	""	50	306	163	26	12	26	307	30	15	""	50	""
2016	12360	358	West Ala.	-	Totals	-	-	-	-	""	0.304	0.410	0.469	353	1687	513	110	21	""	42	313	237	82	21	22	322	27	22	""	74	""
2016	12360	358	West Ala.	-	Opponent Totals	-	-	-	-	""	0.258	0.329	0.354	209	1662	429	57	3	""	32	179	123	57	10	32	381	40	17	""	33	""
2016	12360	765	West Chester	-	Totals	-	-	-	-	""	0.309	0.397	0.472	357	1619	501	122	9	""	41	322	188	56	12	7	355	31	11	""	31	""
2016	12360	765	West Chester	-	Opponent Totals	-	-	-	-	""	0.302	0.386	0.430	279	1587	480	86	6	""	35	251	161	66	16	19	279	48	12	""	37	""
2016	12360	11740	West Florida	-	Totals	-	-	-	-	""	0.310	0.381	0.430	338	1835	568	79	11	""	40	303	175	49	18	42	266	49	19	""	51	""
2016	12360	11740	West Florida	-	Opponent Totals	-	-	-	-	""	0.261	0.310	0.356	188	1734	452	77	7	""	25	164	92	35	8	30	377	45	18	""	20	""
2016	12360	766	West Ga.	-	Totals	-	-	-	-	""	0.326	0.411	0.479	439	1920	625	126	8	""	51	400	204	97	34	43	276	33	20	""	78	""
2016	12360	766	West Ga.	-	Opponent Totals	-	-	-	-	""	0.268	0.357	0.371	262	1867	501	88	4	""	32	235	213	55	20	27	417	45	21	""	49	""
2016	12360	1438	West Liberty	-	Totals	-	-	-	-	""	0.286	0.371	0.374	298	1687	483	78	8	""	18	248	175	65	22	49	205	46	23	""	71	""
2016	12360	1438	West Liberty	-	Opponent Totals	-	-	-	-	""	0.278	0.378	0.362	270	1642	456	65	8	""	19	238	232	45	18	31	311	35	12	""	78	""
2016	12360	767	West Tex. A&M	-	Totals	-	-	-	-	""	0.295	0.382	0.434	319	1762	520	117	17	""	31	284	199	67	30	44	322	37	23	""	66	""
2016	12360	767	West Tex. A&M	-	Opponent Totals	-	-	-	-	""	0.262	0.332	0.367	252	1739	455	86	11	""	25	220	162	29	13	38	436	35	29	""	29	""
2016	12360	9630	West Va. Wesleyan	-	Totals	-	-	-	-	""	0.270	0.348	0.369	234	1444	390	69	13	""	16	205	132	51	19	43	256	31	7	""	27	""
2016	12360	9630	West Va. Wesleyan	-	Opponent Totals	-	-	-	-	""	0.292	0.365	0.377	240	1512	441	79	7	""	12	214	134	48	13	38	257	25	24	""	69	""
2016	12360	1439	West Virginia St.	-	Totals	-	-	-	-	""	0.287	0.359	0.396	247	1473	423	71	13	""	21	218	143	31	18	25	220	27	18	""	38	""
2016	12360	1439	West Virginia St.	-	Opponent Totals	-	-	-	-	""	0.248	0.317	0.327	204	1467	364	60	4	""	16	175	119	35	11	23	271	34	9	""	46	""
2016	12360	1446	Western Ore.	-	Totals	-	-	-	-	""	0.302	0.386	0.465	361	1756	531	121	19	""	42	334	193	64	26	28	305	57	15	""	45	""
2016	12360	1446	Western Ore.	-	Opponent Totals	-	-	-	-	""	0.256	0.345	0.345	232	1651	422	84	3	""	19	198	184	48	14	29	346	46	10	""	35	""
2016	12360	12799	Wheeling Jesuit	-	Totals	-	-	-	-	""	0.240	0.333	0.319	169	1261	303	55	4	""	12	145	123	58	11	26	240	30	17	""	47	""
2016	12360	12799	Wheeling Jesuit	-	Opponent Totals	-	-	-	-	""	0.315	0.413	0.450	284	1322	416	62	18	""	27	238	190	42	15	30	217	23	14	""	55	""
2016	12360	30120	William Jewell	-	Totals	-	-	-	-	""	0.295	0.382	0.456	341	1758	519	99	15	""	51	320	190	72	25	18	325	37	16	""	37	""
2016	12360	30120	William Jewell	-	Opponent Totals	-	-	-	-	""	0.299	0.361	0.414	291	1775	530	108	9	""	26	269	140	37	8	26	321	37	26	""	45	""
2016	12360	1460	Wilmington (DE)	-	Totals	-	-	-	-	""	0.258	0.330	0.333	181	1483	383	67	10	""	8	155	129	37	15	70	224	42	22	""	67	""
2016	12360	1460	Wilmington (DE)	-	Opponent Totals	-	-	-	-	""	12.299	16.317	17.701	236	1532	420	73	20	""	25	208	170	51	14	34	306	32	18	""	72	""
2016	12360	1462	Wingate	-	Totals	-	-	-	-	""	0.306	0.373	0.465	359	1762	539	103	11	""	52	317	169	33	23	20	356	31	13	""	62	""
2016	12360	1462	Wingate	-	Opponent Totals	-	-	-	-	""	0.284	0.349	0.406	321	1773	504	73	7	""	43	281	161	27	24	33	389	36	16	""	73	""
2016	12360	790	Winona St.	-	Totals	-	-	-	-	""	0.308	0.379	0.476	319	1613	497	101	16	""	46	296	169	27	19	20	322	31	12	""	33	""
2016	12360	790	Winona St.	-	Opponent Totals	-	-	-	-	""	0.333	0.408	0.497	328	1566	521	102	16	""	41	288	166	49	22	23	298	30	25	""	36	""
2016	12360	791	Winston-Salem	-	Totals	-	-	-	-	""	0.315	0.395	0.476	327	1662	524	101	14	""	46	305	182	54	28	34	291	27	16	""	81	""
2016	12360	791	Winston-Salem	-	Opponent Totals	-	-	-	-	""	0.247	0.338	0.328	230	1621	400	66	10	""	15	197	186	43	13	10	397	28	18	""	63	""
2016	12360	799	Wis.-Parkside	-	Totals	-	-	-	-	""	0.261	0.342	0.333	199	1322	345	57	7	""	8	182	141	27	12	36	296	17	18	""	50	""
2016	12360	799	Wis.-Parkside	-	Opponent Totals	-	-	-	-	""	0.293	0.390	0.430	307	1347	395	83	13	""	25	271	177	46	13	24	302	22	16	""	78	""
2016	12360	30154	Young Harris	-	Totals	-	-	-	-	""	0.270	0.357	0.396	271	1706	461	82	5	""	41	243	182	53	10	33	449	43	7	""	18	""
2016	12360	30154	Young Harris	-	Opponent Totals	-	-	-	-	""	0.352	0.435	0.494	454	1820	641	106	16	""	40	393	233	55	28	33	251	50	30	""	89	""
